Machine_ID,Pressure,Temperature,Vibration,Gas_Flow,RUL,Failure_Flag
1,926.3971970618925,293.53310192584723,2.9516977350445277,2.933786145966951,35.25546709344668,0
2,1310.508942765113,310.79050420730255,5.478712229637427,1.3230908746287455,67.03132221991858,0
3,811.7798252287248,332.64646929881485,5.252813566921355,3.656260963214347,70.81655931537493,1
4,1140.5791853682772,209.27942593342914,4.417688530342412,1.4506094087589818,33.28650830203829,0
5,1703.9773822148352,117.13898621402012,8.462272423999293,1.7906739524447426,55.32459682779389,1
6,1776.5535014222621,181.69836809240067,3.3836743005915615,1.0142692939339324,59.26156687245625,1
7,592.8737688602232,312.65734212993175,6.300755666279672,1.2615373964337813,64.66207195996111,0
8,1378.672390663281,307.1903704350999,2.168698887078742,3.591269871067694,86.29655620911909,1
9,1716.2005625210977,340.7834316260343,4.1318982704672145,3.991690413994145,19.13107889930553,1
10,1047.7168772063037,247.7178618180929,7.150372245285539,2.3185954349636844,14.822249156305812,1
11,694.6568884854851,122.60809897065816,1.97689136958844,2.2422403803399256,86.31672893920552,0
12,1759.7129344947944,304.7188432930652,4.074967246469865,1.3535928435903584,68.45860590135653,1
13,500.66986603037003,256.67195470236004,1.853525249402793,3.6551890054075917,61.7431568421477,1
14,1797.3687546124117,283.47690151649283,4.7480011435157765,3.5540706330782257,31.244764774326534,1
15,1312.3473476103968,194.15372867308037,3.9220903680747545,1.9532666976792792,46.826683160961,0
16,883.5257825377927,157.52579571758758,5.957319704352795,1.0081859763890035,76.95190440801085,0
17,1085.1496544300667,321.1147874567929,6.025852819418024,3.501533458234471,29.70431578188514,1
18,1235.939279687322,156.98663880023105,2.3027761153415858,0.7381729465475233,88.63023668768133,0
19,625.5077485108628,156.51765114693978,6.7324042669603035,1.3601782303696637,59.238805769217215,0
20,1072.8004722440105,302.8672233075385,2.9419380835687647,2.9936020209373133,53.328663681266754,0
21,688.7845741710499,306.02753682202655,5.229295527886395,3.9063860212017008,74.71032744919741,1
22,1036.4795001701045,281.2770295394798,1.340373898860233,0.7889872827270225,34.50872076502012,0
23,955.0657792871161,251.30113674981203,2.963656778571207,3.7216636806519894,11.393087405256455,1
24,1113.5797969950904,314.33101297154025,2.715861780834821,2.9093516506179213,44.479459513621585,0
25,848.4239368744211,188.11611654024063,1.7534386168308478,1.867028803721669,67.99963559167827,0
26,1674.6002611377903,106.54409331307542,6.163341608075853,0.6590295613436732,75.38094225425111,1
27,1447.5497025271761,186.14252215457194,5.393465988296625,3.281395395920113,47.96123884830576,0
28,1509.7728591332248,314.690670028064,7.25780994763464,0.6365285273376429,15.924577858900511,1
29,687.5887995010185,116.078048879926,4.859252460941955,2.2817889147026635,43.249113585281755,0
30,1633.005679358552,162.62624926208997,8.43558774309427,3.6846590001730997,74.78004880431965,1
31,691.682544459308,149.43664165964012,6.97251832220003,3.5088768646224464,98.0421739725756,1
32,939.6171672790667,347.46729669955135,2.608850668951165,1.9086378077206638,40.6485352281142,1
33,1033.8125311473907,238.40274713059986,4.750157504977612,3.0471012688194783,47.31221269949804,0
34,1220.7341903980166,311.7202073826219,7.440793618848543,0.529984127730505,10.165870078973281,1
35,1183.2648830550884,317.2597003165262,4.660894954213031,1.6497987014890028,17.580059587205596,1
36,1523.450257460217,217.7707985466286,4.764306336017595,2.6858907665446394,65.2553650704198,0
37,746.3319126195493,259.05453084853866,8.223410721715908,1.1505868849689533,30.318208124603753,1
38,1019.7502784825621,153.83689444069626,4.8268454179346065,2.018319231025911,51.29602263952686,0
39,1403.8225625904652,148.39046624870124,7.9883234115550925,2.533022480233906,18.107321685422292,1
40,670.2911324738836,256.3055056262801,3.0877260723232656,2.6633937584868095,14.303015212011703,1
41,1427.192908564768,120.9206585804183,7.047236910723593,1.0432503268702302,18.426743957294153,1
42,761.9401577550744,322.31001831477465,5.854017649215302,1.2666560349112426,76.03188201952241,1
43,542.4934521451771,102.5107398939864,5.893895669637521,2.677941287153676,78.64590140988837,0
44,598.2672979311864,223.75880414851088,5.97656971181822,3.775402462566733,11.003271033942186,1
45,722.3614639573698,336.92587876942923,4.086433343404706,3.5060161556280782,17.043346902060357,1
46,1549.1829700246012,100.07123244812234,4.600987353642498,0.5714945938024545,15.933529981849086,1
47,706.7520007246433,135.6225091809567,3.942905689485669,1.9159756751170567,10.078909459404716,1
48,1289.9102832717117,259.24340560510547,4.75158011033451,2.14192284834162,80.85969831978896,0
49,1024.1714596293166,195.80343593532155,7.210473229365343,3.847737047439422,46.77702149511364,1
50,1251.7118823943017,282.7025747810889,6.593269690955992,2.0023378161816714,86.28298551467618,0
51,1245.0057765951262,252.3388368835055,6.632115358115879,2.9354736379272497,25.689088311380463,0
52,573.6109306144492,130.27003223407146,5.942898955507918,3.7506985774890103,80.57520151543319,1
53,1368.5611738926677,284.32321326064994,2.8919799523892102,1.7638953208203207,35.09473835926061,0
54,886.1968891826918,336.39118745446217,5.961699914929669,1.2241807418876265,56.41334356364182,1
55,1467.6850303715712,106.44767759730416,7.61235665023866,1.179394629209408,93.79066921153097,0
56,1590.0495578257764,223.25419018610737,6.24683264297796,2.202761518962333,24.549460948106443,0
57,1652.196292268345,275.4995730658918,7.821461612813387,0.7989769247935677,49.34313604690633,1
58,581.0856459081666,216.1586535089923,7.740897008927547,2.060635089732,63.09798964163245,0
59,1381.5687874226533,172.70600752966308,3.1005493261387054,3.914906467532072,93.33976156105095,1
60,520.3772724829628,254.48906194890648,8.171356872780656,3.994421903133188,61.22799066475544,1
61,1237.3074885679039,145.61818805757486,3.033710583367716,2.898488532895002,98.59504643250214,0
62,670.4336463723388,109.7125699209829,6.588435454255493,2.0594900038522765,82.04247822010215,0
63,1049.0933889798544,167.55422497941768,6.411471907685118,2.89512195860557,28.529986024027902,0
64,1231.5936225965434,119.28423158653672,8.477474425989016,3.773492622646632,87.54691181861165,1
65,837.6208587033179,302.88885364707653,8.290453903252072,1.498855487586899,58.79638774625786,1
66,1707.7562693506509,179.41243059918872,1.263420311747229,3.6112336558453797,82.81472631106138,1
67,1264.8409027694622,109.33253359174304,7.675305782104307,1.207881142254118,95.64537286705833,0
68,983.7050825642691,276.8653118703981,5.5911266113306075,2.240210616491822,67.980123887199,0
69,663.208770514417,268.1585055239412,2.1801255486739617,0.8805653107132116,38.28349477721488,0
70,1480.4853315425216,309.15209266937006,5.36101643666205,3.9285649840514574,46.62186644809447,1
71,1124.1843370798183,313.46674178560886,6.7818024896126925,2.143001771896608,49.22515208665683,0
72,1794.0734092573782,131.21034299104994,7.65158504010886,3.936220846747568,31.951393190616315,1
73,854.5685042246907,295.1076452626012,6.562060112365101,1.064694021705329,54.59936033796071,0
74,834.7041723322405,281.6644656827591,3.6431572284344806,1.9616649800386126,66.4326703814726,0
75,889.5423091169025,117.26404275293672,6.0231539768440685,1.0397797193360507,54.8032644328812,0
76,1426.6657146099433,317.7235028156234,7.924878748360491,1.1762803879531467,76.06971029683598,0
77,888.7400209321116,314.22194679827385,4.718067630475208,1.4104257531263387,26.718023634242055,0
78,1099.9194349896047,249.6571440956846,3.0571423597127323,2.1182849769658585,91.70787390103494,0
79,1084.2175343944132,327.2031200380586,6.203893916074478,3.77486457092471,88.36033890070502,1
80,1066.649413531351,115.57026716283377,5.5835245259129245,1.5978093999575071,91.52597718690707,0
81,792.8647175748501,170.66943405738067,7.934167251559594,2.238897666783485,91.18907771926378,0
82,657.6304575594884,133.99199144633184,6.7972711718197285,1.6666926359619842,92.45816606329244,0
83,979.816328035283,159.00251016321977,4.238912224889545,2.662614403197512,10.716347023605996,1
84,1692.078223801814,131.07894867674327,1.2297057856945486,3.48059854743171,36.82733456094281,1
85,697.0240761358812,348.1456597583161,1.1784630585926648,3.667426829002488,16.83982533733147,1
86,1148.2049381352988,257.0823333002046,2.1231451918203224,2.8887522869783475,86.40920317523603,0
87,1768.024585974695,342.9886672755481,3.509847663395205,2.2401055005254005,88.63222178623538,1
88,627.3551384758229,163.6567294833277,1.167631651322794,3.4738338900070556,94.9773703657661,0
89,975.3404712718379,128.6613719649328,3.524045341347648,1.1002844342206852,77.77973546460113,0
90,1157.931356469959,164.78059869528863,8.383715934427123,3.297067075551541,36.789580965355675,1
91,1297.529310679287,224.72432011837094,8.833416873492107,1.5883792428039105,21.7576181120078,1
92,1087.2625924995086,146.16814747709634,7.578997470500195,2.124199535378644,99.39167197448799,0
93,1120.562177164905,267.48569258065993,7.152608803315168,3.055096819977114,10.840090375933006,1
94,1612.0644768486793,293.98118532612176,2.040045252499268,1.9268735075747752,68.36807607687686,1
95,629.8048835606658,179.72805320091086,5.538392097193083,1.901803243613499,14.336440380575585,1
96,570.4754049312539,166.673332603749,4.244216714536227,2.728579001021549,20.773963261261997,0
97,1215.999843251911,111.48507255944789,6.088002615832302,2.5451876697405087,51.1384869435258,0
98,742.0541333000416,312.46836534108354,5.610949089175698,2.3266690129113594,78.20976049899836,0
99,1545.6836116815216,106.53858062516375,4.065912198303112,2.845042475872423,14.580953679318744,1
100,1586.4786077140875,233.85259539126204,3.0545417336212415,1.5597957153492314,74.75886324176201,0
101,1193.2153763141741,108.33542073162302,7.420099205825107,3.3046355506203104,57.763047304758416,0
102,1359.1400199823968,216.58665693772107,8.38099374425476,1.8079814355704757,34.13488475173504,1
103,1761.8514736599907,243.30884305055648,7.711447048889483,1.6592938919127693,94.48862955493709,1
104,822.179960203141,233.50420894965072,4.414662315034564,3.153807999111433,30.112009376682114,0
105,1203.9474729319843,287.25032711272877,5.287326167082224,1.3456288044792926,82.27705531628752,0
106,1566.0830176900045,138.7977974992127,1.6882134688594075,3.5515625230622883,65.44669658821283,1
107,1009.903907594207,315.70146617244177,2.2164377934380433,2.873243451698603,19.35993182892536,1
108,1347.990745497905,336.3614618543516,5.9252636611304075,0.8056195538824381,20.665214886129547,1
109,829.2433857276816,234.92018180649532,8.04873499173284,1.581413153280587,50.58141259618911,1
110,667.6096836382812,325.22945638372494,5.618904329606686,3.808125265694035,64.0289986741194,1
111,799.4314585110703,305.570347984964,6.937769454030787,2.987845772552443,92.05211109690941,0
112,1539.35639528063,228.7740952814953,8.801601037416823,2.52542389268224,58.1359391695563,1
113,1686.7047691057116,324.5319115091487,1.4335840847463999,2.409696788278549,74.43627084175509,1
114,690.7738907952786,246.84538643461013,2.018529117507109,3.3628628688814692,86.27554093040773,0
115,1380.8021611052113,280.1753953162366,1.9238079298736919,3.701550104061404,70.41457532040238,1
116,1059.781730890122,106.04077797860685,1.7603717667216285,0.8890935908832872,11.900264624913548,1
117,1244.7188457450493,103.73177562973778,5.280599601051558,2.0559635347846736,92.50433084943784,0
118,1029.7532745161939,259.5577189183603,3.391445920828698,2.4853384827830083,72.87442795860277,0
119,751.7271594817528,149.99666519221594,7.676754663489584,2.8699000075331367,58.22268175631657,0
120,1097.9265916773716,192.70796144552986,1.7769575362150754,3.754442455352033,97.7821360741168,1
121,865.8732958454274,269.8841348718506,3.768639473771718,0.635142984259683,23.117694030542218,0
122,1028.6630245643978,242.59554548770282,2.3617576081529155,0.7581956596275029,64.0435885241392,0
123,1407.1524217097367,217.27071087785805,3.958336892264388,3.0048111498770744,97.05741136914062,0
124,1553.5266641376502,112.6335223442924,3.8469229623019627,1.52330431964406,13.188465034693984,1
125,1346.5341115095416,343.99074193637347,8.848178440071475,2.5548283412888564,33.23534303986986,1
126,1445.4691578552595,128.65644512418538,3.4171406361643646,3.026228153293864,40.054487355169655,0
127,973.4701753755473,178.11212838849417,5.8380243935109,3.114200551345264,80.00534395674238,0
128,1338.1952825239775,167.29596977742156,4.291492169775361,0.7636237550114062,58.66674041270938,0
129,712.3206187041499,158.07884519713988,6.182115772867414,1.975728050853819,39.14630249935279,0
130,1478.2750530714325,230.41837248049396,1.7592812517454863,3.6620251976040428,95.57384832773101,1
131,813.3064653186459,106.12060304748854,1.9333231693529669,3.4674073074872873,43.83761393361697,0
132,1146.263576437393,153.94603262280674,8.880434493793288,1.5254191248426905,92.27153137965922,1
133,979.480538173605,332.23527259501924,6.903410940658592,1.9290719856626168,59.94372457581633,1
134,1732.306017782986,243.8146875673941,7.023635042949726,3.8860045330085673,72.74228087871992,1
135,523.7850758740464,145.50633234221462,1.3525582243983338,1.8681118314000222,30.455812577841346,0
136,900.6235627138461,205.5879517085864,1.346088000686458,3.236844574680962,27.77233679042203,0
137,1248.854460701033,224.0972237541739,6.896121857433735,1.0869916519788192,59.12358709604385,0
138,961.8623406720483,197.52917361861842,5.615448286066347,1.9822964250718274,31.671249281275497,0
139,501.5138493099413,148.17381649057734,5.445850733716895,1.0038514184014469,10.333401365133433,1
140,729.3413586548502,223.36447898789646,6.152897314537721,3.1303118379214805,68.84204438995742,0
141,980.5945418411449,155.19880500519838,5.425008561243377,2.1120802945516832,88.30162924140005,0
142,518.9659381750005,269.201910664509,4.1230255479022695,1.1028254029419977,12.076835910103787,1
143,1241.506128026847,111.17004361373694,6.4422566304600934,3.718112323110522,32.02625417143949,1
144,845.5707815773944,314.7261235897016,4.242653629563386,3.0121944115561665,97.2628519479691,0
145,1586.403905899351,117.41130029044963,5.721838619566335,3.3799979506495714,10.448133277305608,1
146,826.08820013349,286.00289342738176,4.962349596646604,0.8263740298106963,92.72683703145535,0
147,704.7514191945015,146.0743883874991,6.1739814569486935,3.1976656033711652,77.17833108858262,0
148,1329.4427599333994,185.15862833265743,8.589660881515645,2.1897027231615414,84.2395308840283,1
149,1635.9220507225914,108.08821069094363,6.847807860041638,3.3365707396507367,74.2812836258766,1
150,577.6037134659462,291.524873035793,5.5175610958227015,1.6905885637507942,88.1851353865744,0
151,1315.4256598408438,162.97333534882574,3.2190185087420025,1.2031510634140423,82.73590107165012,0
152,1409.7682131855888,260.09131787964924,1.1664484779347752,2.056592828707706,43.61049629901446,0
153,938.1640520413689,343.7537178198908,3.263154298011072,3.0523820357846003,31.789949718757224,1
154,785.8607569885911,224.5889663400709,2.9625102803472005,1.035725048878529,71.93199650070525,0
155,1233.3793874786788,311.8132703323886,2.3643633582877692,1.7170308616955319,32.89659497792921,0
156,1645.6215996273015,226.50078864039713,1.1174174956367908,3.5370924675994466,76.8675805707524,1
157,1299.8292843818842,341.4312204879034,4.710610826647174,1.070814426249223,16.729575990196068,1
158,1749.2466517499208,264.8441614084976,1.233258096302153,2.0876608611553884,53.5206158985344,1
159,679.9041592901774,268.5583565424512,4.221201911732009,2.872437170229577,68.59359627489073,0
160,1020.5145354615305,270.396901411254,6.2828328367914335,0.5048477007125975,59.08865051816587,0
161,759.2751738889469,173.106230454792,5.836619833318412,3.000200296957645,98.70480620202463,0
162,951.256028085367,341.40632088074767,6.533426623420987,1.7019362588995368,26.007482040810117,1
163,547.0630270926254,251.60428756747442,8.673576491999928,3.2802318276108444,77.87061043530008,1
164,751.11592526314,305.45014054454384,5.7937386763331835,1.69905639102732,55.75303945023511,0
165,1182.97451102256,223.9574861363979,1.7365265028858792,1.8807368776750297,87.7082843199618,0
166,1798.3863106180165,160.8347229115002,7.395876095870999,0.5979090794847877,45.35452218878463,1
167,1298.5817790405868,150.0569775804307,1.6776258425807757,3.4190321559613297,50.60223561325806,0
168,940.0938489611149,212.48931068595573,5.326924216370682,2.7551303315058346,86.31239739605212,0
169,900.6611165937086,207.3173381822281,5.379251506286554,2.400125009855153,97.50183254364977,0
170,708.4324859427505,237.9708044528178,6.862442142519339,2.995552908011646,25.395871182329053,0
171,1140.296944884677,230.74225110021288,5.063929271602429,0.6475198776421232,20.677805725061333,0
172,1232.3610066954543,155.5542163134141,7.790280699983359,1.0360147746934218,52.33952521105334,0
173,707.4156551959786,215.94396957765292,6.664497992682386,2.823677370719937,14.88350104031816,1
174,1292.1785041530457,311.2948437361854,2.7693107932938945,2.650292729386231,15.203918631178368,1
175,859.9746841191154,303.98594134044794,1.0547547578793122,3.0172432300551657,43.18358147023881,0
176,1669.6251448735813,110.2657850643097,7.965943454562644,1.4818968642825567,14.91944157368399,1
177,1679.7890862349193,292.75674302679136,4.785496479479054,0.6638760414656744,90.34857222489661,1
178,632.1521382144899,127.4611089109024,5.338514511336992,3.2808286093794305,93.10396874408761,0
179,1099.506149809673,288.1045331912346,2.0268277319605748,2.837580742576927,36.10311783995006,0
180,1437.8595111654931,129.2196536916744,2.7967119923851005,2.030156426838631,47.36939243001226,0
181,980.9806066517754,323.1810512155521,1.0895477823089834,3.196955103429134,81.417980511884,1
182,973.5269241102358,140.67991517973644,6.936734538648491,2.830851844310646,52.88266703821775,0
183,1285.766553006076,204.6163963614734,3.240199456917038,3.7977030765269175,27.958578221945423,1
184,1007.5671868097095,138.780811083773,7.834100680825271,3.1958139666262713,21.163071654084057,0
185,1214.0497888339855,304.59854064270627,2.767714445595427,2.0397543250604846,58.85842708400439,0
186,1337.5520968888163,260.1108643643328,3.5501377774308045,0.6218162655148942,84.20574573645446,0
187,1522.4757254481547,340.37809686556443,6.796601663234398,3.6677055545106483,91.70546003963854,1
188,1786.9821056076873,184.357685441652,8.318179402020451,3.4301107360235936,76.47711282661123,1
189,722.9673458273442,253.92204104580966,8.897821715813109,0.6821285726594466,66.80335813751206,1
190,793.4938402794905,210.0829042531892,4.942099128914675,0.6962340492818655,12.647408873935374,1
191,950.1808856483121,300.62707362586946,7.68649056242709,3.953111968374013,83.02834507960367,1
192,1520.2740618942137,112.36652552878343,4.146648981681478,1.0202727365043593,25.687308803505346,0
193,615.4316592034793,297.1723499952137,6.643121905138425,3.7110918914631164,36.87827249912295,1
194,1109.2218329239454,162.7316691314121,5.392940770538172,1.4000816064658845,51.961609229997286,0
195,796.8254022911605,264.3322752840171,4.423626548852845,2.821657753078152,89.24408875552088,0
196,645.6625521911537,129.18274933805424,3.019135197427122,1.6208403608926638,21.53248742691375,0
197,987.4043841356083,232.44074790169702,1.674543962723142,3.5462036450074224,51.92013286573129,1
198,1424.4950826117374,127.59879118988576,7.01788498228327,3.2332357922332715,82.56798122101219,0
199,1603.85389128525,314.92620836335635,4.025394978178213,1.1665554456912564,86.87346137637033,1
200,1289.507418845711,231.20720996883503,3.8265152576270145,1.2472553301233353,99.48448638250865,0
201,1127.6765966489452,335.1053613048847,4.269302297708911,1.9561745771472105,42.37400329340103,1
202,1448.1156511048644,318.709853660839,6.01038725738049,1.369172696119206,65.07261596205092,0
203,1721.4070991888527,325.7687527466614,2.825018291684094,1.278609068165103,58.5364743749362,1
204,1087.3085119389766,133.60283836598586,8.908403195686923,3.1075808025432394,17.132441157495105,1
205,642.9639439769749,345.2616347857943,8.304600827624512,0.5791291187484787,18.891005264568005,1
206,1202.519358244076,280.57062342230194,1.2533335562276564,3.7416090614702813,96.45485954512466,1
207,1134.683485282152,333.16087634810197,7.360789242232063,3.5915374420102513,98.82157654195647,1
208,525.1934653114083,105.06362206420866,8.240032272035226,1.4864150627344854,55.31324120727171,1
209,1059.001642477342,305.69303951709315,7.592249872632606,3.9180739373114775,18.012710750984407,1
210,553.4409901842495,340.4999480454714,4.424792353587907,0.5180753664029358,57.41309997588734,1
211,1417.4437004952645,259.91620434354076,2.0796107498018603,2.733629399387119,51.61093256940547,0
212,1274.0997503131898,169.05162493996608,7.058850420044702,3.701162874795232,84.33203758364411,1
213,979.1258329488397,309.8291303828022,4.959899672544413,0.5236297192037926,48.18850639290892,0
214,1155.3144728578272,210.5350975028564,4.693785867044797,3.0366735285935094,15.059266266653974,1
215,676.1955998721971,158.2690782110401,4.864570887734477,3.2153938555067287,11.867374150281897,1
216,1511.871242539179,306.64032025839936,8.212182198767605,3.990620463525083,54.462375549196544,1
217,784.07152653481,205.8459947108846,8.36035276660801,2.431382811030299,28.83624628702667,1
218,577.5436442184083,266.61841870985313,6.663625990332108,2.8506172589683394,63.17069006171595,0
219,1612.1753922367607,203.31753771405664,1.2868292677011812,2.8462409391321803,72.35742949757729,1
220,980.2444074613885,345.53483075885526,4.215335428078645,3.024859673438659,36.16805701427847,1
221,1459.6918601455209,125.63960025715781,3.4519271408584427,0.9669985977721577,69.05464888457115,0
222,722.750289040446,170.98454778649523,7.760194291359264,2.3717742978965157,54.462927051953805,0
223,1653.1957270760245,107.72094414497667,4.397612851800342,3.364251488871526,89.76789592651748,1
224,1431.7517238113426,265.67585329707754,8.432655137361005,0.6800446445889585,86.40173932105108,1
225,1528.5530561194303,331.7963368928722,1.9075420141785475,1.397934364840963,48.9705742665082,1
226,538.3976766875924,224.068788600696,3.5189218001206433,1.9988910518304064,39.58243012053419,0
227,1047.778302911725,200.84549028736328,6.556758760335624,0.605489547284556,26.634299719236978,0
228,922.6440924808794,126.17380622610074,8.49175419514317,0.9832398555357721,80.5021251882033,1
229,985.9372131185617,145.32649956746315,8.288031197282061,1.8639931188975774,95.30098778485572,1
230,1050.7786376234953,110.86950922893159,6.565704744185589,1.3837200024014318,55.56144227183051,0
231,674.4179764512327,152.62480393955536,8.319545467603165,1.8714224694219188,31.16879972829884,1
232,1637.1400801962964,279.8408019179894,4.206860837136409,3.930434322881705,61.8981474677489,1
233,1444.9748392029114,133.76020185948852,3.7591255062774387,2.5781199705962976,31.606503812911797,0
234,1610.7077009443733,234.47122855377768,4.96901889411036,3.870649172312339,56.01447773534758,1
235,977.4461944084021,161.53335662200283,2.888857502081028,2.365140806313013,64.42763581180772,0
236,1712.499882979629,140.85177044749605,7.753528759841355,1.2013294307917222,37.47724114958591,1
237,1771.8741523801348,136.06368550706372,4.638592246085156,3.090290779782023,63.18732217900764,1
238,1724.529554907384,333.8537190541126,3.188172389772384,0.723212049038821,74.83130482491497,1
239,1515.0920716421967,221.72061708248987,8.763827784741059,1.8836954243610826,45.28775428597756,1
240,1703.4198136835919,260.1342042033974,5.7112227716706006,3.136609420734629,51.73535513561661,1
241,1339.4965247968971,300.7314669673727,4.3455806462879,2.4725989527274566,83.73601373721174,0
242,1181.141325767157,334.8154246909994,2.252454700054744,2.3717510866301574,54.351302728936886,1
243,1228.359128702157,316.73478779508355,5.583396111661254,3.6282234770180017,43.002359881052136,1
244,1795.0047243101033,337.1005649390603,5.612611018423751,3.2413114720786793,32.10938575818853,1
245,1761.5699953357264,127.20075237225275,7.611587292834892,0.5414876662531816,59.15892418897994,1
246,1660.8499824811058,146.98248771279466,3.1939625385880266,1.9775187039927289,43.59651907238563,1
247,819.6223937250485,191.0117752522391,5.189191911709557,1.8452097503049814,97.79011909379415,0
248,1637.333865438753,219.4338348154194,7.494453342234299,1.0137846573714828,16.158583156563964,1
249,1095.8039941112518,249.02391142130205,3.655402765237456,0.6316378718460661,69.977462774504,0
250,1575.5549798811974,213.07780276681194,3.110204073916849,3.5320324400648975,35.152511574268416,1
251,1598.2636814039095,210.23002014894536,6.629920722305457,2.7781601535448788,81.14044283897239,0
252,1408.3115635838672,329.7409918791026,5.680783183198948,3.71215638677722,66.40198982054467,1
253,794.5449382834968,189.56008349680013,5.758201072014015,1.220349995993937,96.32397463430915,0
254,1274.7078197280646,179.8116628298128,1.8376707357344237,2.7620981874418398,36.006110975929786,0
255,1340.4844026238725,333.56959146542187,3.5011200059558725,2.80080383191211,57.07983485411701,1
256,1732.8097198146681,195.34080732756334,8.286794117603652,2.392443681879796,49.33994505957121,1
257,1448.0970339313521,152.05964244147418,3.0883337271068383,2.005800404108885,31.377138986660956,0
258,1664.9403274495207,170.47306527785355,8.718365171428378,2.3431897274169216,76.77731826661395,1
259,604.9005847426847,259.5000904255653,1.995976527239331,0.6951370707604692,97.96249685928007,0
260,781.7533572993332,110.58691651462846,2.875453386004315,1.5869968054553845,30.692202782903294,0
261,850.3175074391609,107.6591969067159,5.651501015332015,2.1389239293795916,30.915454254243947,0
262,668.6913417626445,274.57076672251225,6.410145619460262,2.2908459511714994,46.104795035563775,0
263,696.6708484685873,326.51040932348366,3.7928066357445145,1.573517327808894,33.50792163582942,1
264,1707.0737848198837,340.72227554704045,8.444236619520698,2.846221002544302,41.90488729239949,1
265,1625.6372738007767,246.86988154657826,4.206326578985747,2.2096877054553254,95.90705776989094,1
266,1292.158210720878,276.70463984094295,6.496556243884717,1.3501000986108957,66.43890894732246,0
267,1540.017935446686,259.7285170496741,8.82907007568502,3.190993492455254,73.77553238840426,1
268,1062.4466851205443,238.62051990884225,5.863770739172229,3.0225517094982064,14.835938051725446,1
269,1555.9629835592114,134.65422137771213,8.670656244559154,2.9970696883921226,58.90998584289881,1
270,628.891111239067,264.93435441785067,7.893511013979466,1.7162121468895637,18.253441335215644,1
271,531.9530208284511,205.4455014778672,2.813593897493937,3.943455303909626,76.7027988621981,1
272,746.856760910644,260.63594641584757,6.62243820546396,3.5567683442468847,56.070021896708234,1
273,1541.4588326026733,103.1316473366217,7.407313528742453,3.849579111426462,81.6701917892861,1
274,1617.2511424087556,225.33759859566692,3.962399841014494,1.9365071752508742,95.49449461021189,1
275,714.5025549283541,232.69827372149118,6.6539265210152845,3.230503422820095,53.70809763727886,0
276,1674.0091156230326,123.02400394453238,7.03505978255796,3.9090668458486446,96.6497937142702,1
277,798.8275346729432,337.3869376309839,3.8289650770519783,1.331761706658251,33.234822686324236,1
278,1289.8497283878578,282.8398643859457,4.066787485427401,3.4942528486089772,92.74232707358303,0
279,915.2726362451085,226.37532660358363,8.61712310858746,1.0770718839231175,77.60788036775246,1
280,960.2782634740137,289.37658649944984,3.740581296548302,0.8251889930528752,31.89020791574624,0
281,860.4218352255197,309.9096530593722,3.8902531539431875,2.171866878308071,18.87163848550571,1
282,736.9146354239293,270.3600859069106,7.501755403689272,2.128289271312659,19.969723285125482,1
283,1359.42268464766,335.0300459823495,7.004851418549985,3.0089567935356873,15.536554789593312,1
284,611.9783173489993,122.93992690819374,1.3376472503560768,3.9506525676504625,82.88262866351856,1
285,533.1835552029921,278.1519997119435,3.83408518365865,0.6545676960085496,56.904138876611235,0
286,1458.2860581233547,257.07578446731156,6.299829805190491,2.485920394670156,82.5024753340342,0
287,545.4406248278424,297.495374944549,2.3919138497530934,3.6707040966873796,33.124328816189106,1
288,721.3331561580202,269.6511136430146,3.9679436643116572,1.5407629469178865,47.634970672463474,0
289,520.6207602696463,239.63673385669952,8.618385726746169,1.1498352487032157,37.430136229437736,1
290,1050.4187733612719,209.94176977721182,3.6597475459226816,0.850184511739301,87.36562120481693,0
291,1526.9434143868796,335.268360106185,8.146186429990102,1.905617434799579,75.20760304008505,1
292,1249.5241592832474,270.55923570378604,1.709733481185216,3.054275104456851,35.53060188883393,0
293,1480.9257251116053,280.25048276686124,4.116246616851237,2.455881404826853,74.64968773100858,0
294,1787.6521582308585,229.43908912337065,6.457257824000046,1.2932912918533266,44.7240149080774,1
295,872.2176331993753,293.70013119942604,4.1529694119988525,0.5127133302277032,66.23909105827917,0
296,1736.1424008038152,184.415713546434,5.348042040893419,3.8332281021645067,17.030099951000608,1
297,1285.260297680128,260.75619969721345,7.166655338400734,3.0884066174549574,66.65915191102229,0
298,697.3978418046396,111.89801093805664,1.2846897029946867,1.0521177711424108,68.7662763149118,0
299,911.9050376571336,295.7902421081091,3.288569800546739,2.772604950193506,57.86930044081227,0
300,732.1210633702993,293.49161264016766,1.2264433755807245,1.6927990596662958,91.47612662091299,0
301,894.3476396156245,139.12683226644876,5.840287899395717,1.6673651899615005,36.64255705689402,0
302,1256.1691947327063,233.13193240728987,6.160938670227378,1.507094877838626,57.094990132791,0
303,739.4806951495827,242.74380794466884,4.676472526331914,1.1891886554984388,96.33255213571476,0
304,1782.360514757289,309.8971223454879,2.021267391305268,3.8084660093341394,59.29071008336309,1
305,1603.417697257515,147.81022960762974,5.174697069490052,3.940670014485857,89.22371285412973,1
306,603.9897449306393,318.4265526425339,6.465911347335595,3.432704768976114,90.92329045945772,0
307,1342.166971152477,300.2269621769117,3.6076940572555554,3.4180297281701053,45.8642295428666,0
308,993.893069711584,149.57580658394778,7.747540461642894,2.6835913307356765,25.84700139990577,0
309,1133.6438736309253,135.476763742452,3.6636652222749797,1.493233412162181,30.104931792977947,0
310,1463.9321453555272,345.77677138665604,2.5227959938582885,3.962156481481746,39.66826586825414,1
311,1114.265645780277,300.6308924809475,4.59537312493928,3.920944760459309,55.01038980730619,1
312,1206.124228124984,296.0120109157825,2.506226737495412,2.527024162146068,33.88933533767135,0
313,1743.478730916837,216.9037423177394,8.08511740203782,2.399466779434637,81.81811089631671,1
314,1548.1432613137588,104.36402686272127,6.9570235703828445,1.694151090285461,71.16674784205554,0
315,1168.7546537904807,164.75579712310793,7.95136814199434,0.617044653118825,82.10161078869862,0
316,1383.6230291774982,257.2412462264182,1.0730801932915917,3.1655277301388183,45.0989849401314,0
317,1214.4483338685163,134.762123197839,5.220567733911729,1.0996806579068354,59.02922628898831,0
318,662.7661218105147,168.92404701364654,8.544454567317818,2.382851069053983,88.92349317381773,1
319,1520.6281114870862,337.40648386825285,7.01682833751905,0.5214910288134873,93.0329961832663,1
320,1768.9617417665029,200.14684239970785,6.114401352834173,3.51633578099671,77.81809362568536,1
321,1543.5021780403695,302.38671735833555,5.003096222579457,1.7322024220196428,68.59306481894879,0
322,784.5675084549017,265.93509745741517,4.925631139347187,3.6507583755880253,57.55026103110616,1
323,623.6613568258908,138.2037533919459,5.224739351866012,1.1575832819647365,41.09987595346665,0
324,757.1076194892995,318.5164574757614,7.60155225716617,0.9225092330657776,78.37467913643044,0
325,1246.617531091536,324.3060139327577,6.986651965898378,3.5255747379440026,39.38657684810326,1
326,689.2054843883657,238.9992332258302,1.2997546403517282,0.5952965278884226,71.39172547066958,0
327,1371.9304066368586,286.92104088646295,2.7945605934109627,1.9356293934265356,25.573314692270614,0
328,1274.749987744408,322.61332606722567,7.570040625667257,3.2930350111713906,40.48222099754461,1
329,964.3926586445949,151.51596977203218,2.4495706321845105,2.627345408751755,27.104606712532856,0
330,801.917888568275,277.5796649234434,4.605954402761936,3.113826231144942,76.64031918317617,0
331,749.1970322079591,120.2205167719717,7.628941544411146,2.4174793720235526,46.3482770821725,0
332,1177.8338711292931,242.6715070052439,4.998963161325693,2.543790946249338,46.36900758093961,0
333,547.2107322178122,219.8795412361592,4.4080892391124245,1.7107543543797517,82.77495871389308,0
334,701.9062239097036,256.18243119020906,3.5625795161556066,2.9089174819464687,30.75350742711688,0
335,1043.7428606997785,216.84698151470127,3.9206631282484183,2.5782267894817763,76.19918508926882,0
336,1551.982082867609,169.43448439623975,1.9431491949776056,2.45574339629923,42.59478211534533,0
337,1511.361176965106,190.22470267336593,3.9218031701302483,3.6917113460627844,69.63201852522019,1
338,710.2353791814701,111.89684156893081,2.1223807402322548,3.445870122374769,17.290436833327057,1
339,1131.981099427041,294.0408556827419,3.6548992872159047,0.5101563431428685,94.41851789591755,0
340,1222.830953328306,315.5668626598387,3.872039393380173,1.2124110288006003,34.91971639149172,0
341,1301.8970661585236,199.3025164081061,8.130903410604645,0.8491347330322517,62.772364236780966,1
342,1551.55798277513,117.72993340319417,1.2710374009999121,1.5454553035063483,47.42786079157552,0
343,650.3520851728535,196.61488299811202,2.86593843219661,3.710273161055368,31.630086668396395,1
344,846.009036368314,168.6811615518143,5.190401671431571,1.363637512341993,56.58667252026938,0
345,1187.4129621418574,138.7585706753128,2.220557241605226,3.476725356891488,82.60830755368697,0
346,584.9723171859875,343.3284083191569,5.098361794049389,2.692925459922675,20.881541362268734,1
347,686.6736660497679,189.6712672123512,8.491414604607115,0.5261378101770966,45.44353557281839,1
348,954.621564279595,200.11942350442422,1.7041022906303915,2.739132647582132,80.67069919077677,0
349,1443.364819884063,246.75615045686482,8.850651723170124,3.24461794309994,33.50247023292626,1
350,521.461195114939,312.31663278130026,7.020946236879129,3.1772175151764275,47.64517730531405,0
351,1303.3703227515289,316.6095973678881,6.560269189503687,2.7714646400942784,40.22862571702635,0
352,1235.5679057989228,252.44175204308394,3.1470340119376017,0.6773068525079468,42.404412456315406,0
353,820.3244432033739,251.46067846514907,5.040331960927173,0.7847656622729109,90.70129939985522,0
354,930.7500530741595,206.62046906376867,6.155179126810767,1.4444924730635007,29.475105161050294,0
355,566.6464421444558,232.19225793075742,1.8253212780964043,2.449685878214919,94.83938840171288,0
356,1346.4034748024455,247.69727386795,1.7673306082291953,2.9928983442677195,78.26597467486084,0
357,1091.513373016197,319.58482021901375,5.450652057149015,3.932565772457823,41.399341074328966,1
358,1120.8790910424814,159.52271221716575,7.815341818097589,3.9030958780524276,91.79995853226802,1
359,1388.1987175170905,284.1548294835528,1.050502959687945,2.437212597626225,83.76390284034787,0
360,787.7738048445644,232.19630097889038,4.1581314738581785,2.3652050324615104,46.461925232842894,0
361,529.036934126831,220.03280768413697,5.049165723478321,2.6232387108524837,56.77937344835185,0
362,1128.442766432138,221.53380814007386,8.600328904776603,2.4483165098700694,38.25086165678056,1
363,1771.6634445055283,125.6674574399311,8.694355589730112,1.2284148153737977,80.03674102135396,1
364,1557.2115400496823,328.5992654196128,1.9708101445694384,2.8037089261645756,95.41084923181536,1
365,754.8764960148133,256.07368148288015,8.430462858852843,1.5179200692461496,82.24623108279994,1
366,1442.3811298675937,160.41055467758855,5.196370461606563,1.2152793381500944,19.39959466608739,1
367,1336.3235249440013,304.39194496212747,5.899921813146433,0.9361850198979922,14.250330681819722,1
368,1466.820166761614,305.10016325166544,1.6229657178602581,1.8437879672494122,47.804845214280945,0
369,1778.0971204918624,314.6571050850596,8.43570088548311,2.351918832015055,45.6114925045113,1
370,1276.2614678399323,348.42462455637565,8.130920906212992,1.5182315168881402,45.280595814183215,1
371,772.7559485885067,116.48784021242122,7.615887370242467,2.3903482397253404,20.41898089672808,0
372,908.4102856409345,117.87110677239318,2.488442690996611,3.0330297015694905,39.89964385582645,0
373,1235.2741934717665,126.73137165297202,4.226579687958726,1.6084641559790396,71.41609062989934,0
374,1488.980692042067,110.34368765898752,3.771301036387256,0.7640751316979828,10.860372843260434,1
375,509.86818249711087,211.7602005488705,1.0638045329479446,1.6967386558807858,95.50676613860107,0
376,851.3394785075409,298.0435542151291,1.5680872717097696,3.6618417097001172,61.49561475475532,1
377,1072.627062362285,327.3186643452516,4.035097534395317,3.7002494970768427,83.26242034790151,1
378,1021.1393351407531,292.85545505288474,2.8534626032189916,3.051690974272812,13.348160736312002,1
379,1441.0061440336272,232.7536511415785,4.091520108525984,1.9779126109029241,92.67494748158128,0
380,1540.5803089189912,271.46391253286976,3.101584302010612,2.984445491532875,46.383177151463244,0
381,1479.9559916104504,116.26284715705296,7.326955268119923,1.1957007740508836,94.72760830664274,0
382,1728.0855507782915,193.5881105141621,1.2009297917543336,0.7420204306479009,94.36755171606514,1
383,528.4681861695317,132.40965839711563,7.652839541063256,2.029999910934789,18.89985359260885,1
384,941.7828949911035,263.6291729329679,8.074844674884423,2.4669436744281965,20.21510158050803,1
385,1556.5911487929104,223.87766535872612,1.5394396643039663,2.2351806493814053,54.70077937449218,0
386,505.9018017552032,293.5737072623234,8.17669377103245,2.4305302538424147,16.894226565032547,1
387,1276.6056381926433,302.5384320537776,4.486999364037964,3.8969264230230083,29.572612541416493,1
388,1365.040735059041,206.3354190452206,8.668872262840107,3.9819669822703947,80.07556072594647,1
389,1409.2264140640655,201.48910906591968,5.903095842850145,1.5720462364635799,48.58643924921156,0
390,1051.9446763194474,339.52485289882594,5.30380001962781,1.2753682219085924,15.582554147450825,1
391,527.3069231128345,175.5500997872802,1.1383131418565489,0.8784975188684971,20.193412765765917,0
392,582.6266887337985,271.7541680714628,2.233640190523415,2.45787509421587,79.7199779182642,0
393,647.8591130329214,229.75521938758882,8.849398246471026,1.492793882759738,86.65602602602218,1
394,1683.40827151706,234.3822630647029,6.033918547502898,0.9755552124327002,21.442111612585453,1
395,955.1831827436695,250.42848537165852,1.671929506417122,1.6380326310823372,39.82375780394643,0
396,1143.4854730040645,208.95587368489896,2.576519963476355,2.373797835784842,12.77536534435862,1
397,552.276872442941,141.52631070586554,7.285591049757897,2.676784821091031,20.258398781868504,0
398,1315.9060783167115,216.93919265965553,7.813265506462292,1.929594556877571,87.90590346748483,0
399,1351.853895568839,218.45431502658562,2.0962515905209607,0.5721592831460699,89.29077306165132,0
400,1518.5430674508675,322.98467466179557,6.55576370038777,0.930803328326047,98.59435149217126,1
401,651.6490604188973,302.4911691790418,5.109435966560008,2.585513089422889,37.61410686485267,0
402,1667.2498042804252,343.9190300022441,8.392913251660588,0.607118117361815,57.41083663959218,1
403,1403.5056668226364,309.92648741281863,6.255849800272159,0.8720715155281145,53.06476632751072,0
404,1325.157094207626,344.4412937237896,6.2772339766876835,1.6228373964290175,93.56950651812141,1
405,536.229416293533,306.23826341011846,3.828122989550228,2.233806386512082,56.13851220218931,0
406,589.1672197278067,185.7647178769753,5.807702446484694,2.672731325022658,54.1915329787573,0
407,1308.6023667865977,194.20599718281025,5.1782152042644665,3.8207003787087714,28.794101760237808,1
408,903.731900279829,230.93020249450606,8.54920187584184,0.634403159080921,27.015100338338048,1
409,780.6780043164043,141.5228730531294,1.170843576662178,0.9983999895209593,52.762272506893495,0
410,1040.489870980659,197.71120271998313,7.804235668793482,3.2230174245514127,25.54944664172429,0
411,955.1378931347444,257.983193566448,2.379282487655823,1.4596742327846552,24.24143835494513,0
412,1180.1188826602613,248.51234782192563,6.69229908383709,1.1834596176008638,51.10121029581019,0
413,1539.3556868701814,153.2838608484404,7.273935103155619,3.524757144779173,52.71042945785947,1
414,604.8796864123733,102.11690514664478,2.6758431053740006,0.8858947241185575,71.72952611884756,0
415,867.7942535786927,115.20166530250583,8.979097914943765,1.64834400171074,14.920470765182355,1
416,573.6182833800652,143.6894955610024,4.94073951014924,1.6125819465522502,70.6819522711996,0
417,1013.0040682843054,225.30760234578952,4.543445884349582,1.75494369962186,41.90012081888137,0
418,1030.3272030658472,173.3708660133569,6.6489324222755615,1.5704321260417398,88.17762081266478,0
419,1149.164388950178,254.3419469429134,4.829348489223677,0.8218423571630306,18.730364860797252,1
420,1686.9173060817889,188.88697794165276,8.284170864863455,2.18224662850115,77.1081931152421,1
421,1500.6666600799872,252.2661510316219,8.4513503056896,3.5354807015611938,85.80316240337764,1
422,1190.2508647922098,329.0328247312441,3.7040120452379446,0.6929592317255339,83.90856033074161,1
423,1368.7106487765004,326.96383614640786,3.197236543776347,0.9741738988615241,50.34658301085389,1
424,886.2473581713597,258.9595492861746,1.2065119061102987,0.7169437579030842,24.07368106619399,0
425,1528.2786214102748,179.0845895719438,8.735058217263843,3.9559283200444777,81.0042414890302,1
426,990.2550006406022,158.6116166449404,1.6199722072666578,2.879146497255314,24.49813163706976,0
427,682.5772925252548,303.6205073241608,2.05860302565085,3.2144792573872447,86.83583835180042,0
428,1072.5393923483093,188.06415694405547,4.898103144115376,3.754719168226435,12.244374124167878,1
429,773.0049147553082,118.41735770372097,8.109938280024114,1.3455049439970566,91.66911010163031,1
430,802.1487556928398,176.25996620969823,5.696697251337253,1.2952036218676926,20.413310992563595,0
431,1185.1483580352465,345.0487476289869,5.153812602840584,3.301218424617192,59.396488991989045,1
432,567.4382458693935,158.37226616843023,4.486162132072331,3.7313834082730946,53.194690726799635,1
433,1110.6478680505118,318.8709151635017,7.168237672734172,0.6498915851084607,58.957219535398934,0
434,1156.3349464724156,205.94955625378185,2.282976413151591,3.4898829378000844,25.504199284987003,0
435,734.3288460554356,254.60659820502573,1.1380052521297905,2.719116923018966,84.97885621425722,0
436,1229.3705262544954,112.49031341267812,3.398897610840854,1.349236412497979,72.37303796488374,0
437,595.7598237547952,220.04264402767058,5.906261886123923,2.4877763865915736,63.67483863244542,0
438,1562.8197842019565,306.0232020600791,1.1086691518420295,0.9198825526644351,59.66167629981131,0
439,991.3172575525492,274.20263250772405,6.501110802643639,1.057332562760319,83.7571895554442,0
440,1255.837497163252,326.0836088516599,1.6564301084049413,0.7205374357048733,71.04825389539103,1
441,859.9245143995613,282.69666052435304,4.573533204110455,3.170302140789192,44.259606480886646,0
442,688.3833596857264,110.51691529011609,2.8864685517867477,2.9740135326298027,36.23367610200104,0
443,1314.0460664669486,330.78913615935585,7.518157811348001,2.478855265244168,63.871395519773046,1
444,507.2182142971213,265.3064596566463,7.134512485684962,1.706720430004399,96.5127186639262,0
445,1314.9881975007818,338.01548943682076,2.8586103648317005,1.6720328062828913,79.16739635511378,1
446,1594.1455627662422,123.3578115654156,3.8821034083485726,3.3119426117386004,82.25680474273523,0
447,1655.6737495244454,157.67805982495685,4.851533346199403,2.6765602239153656,79.70535490303845,1
448,1178.095245457935,182.6423346874236,8.221747182499119,3.545354295546105,26.927639649317243,1
449,1762.4126791021831,236.70534261080158,5.308007628838405,2.9438292767876013,33.08534996103276,1
450,1623.538675688265,311.6228718805997,2.361760255487038,3.8870601054502667,27.00956073150453,1
451,1644.3490471272648,309.0402445427229,5.886596852923873,3.185415549319465,56.651150454788784,1
452,713.2333821102684,349.34486999481817,1.5980895284201289,3.4566171280229954,69.81744315694237,1
453,1692.9588102302484,107.60693742311305,6.997258937349354,2.6022293693739287,25.654754053666082,1
454,954.167763775881,254.64597613289814,2.3862650262698937,2.3324610785242657,13.866090433262686,1
455,672.0225292201972,115.07448136892805,7.816780600566283,2.12287061609711,66.08793230375821,0
456,690.2648207653465,312.4598432030425,8.034667863770963,1.2358598236147513,66.78607320402335,1
457,1090.055832824744,127.27447064966823,3.391709383799972,3.6551635861734386,47.81408855776776,1
458,545.3874019980597,113.08134903540497,3.9063318258118107,2.728696579357636,38.545183061949885,0
459,1693.205611685268,315.1198808937705,2.6284634011105057,2.1677918390860853,87.30333526627881,1
460,1247.1676218666069,130.57938991924271,2.411524837466758,3.5117517279201755,40.34399497280536,1
461,852.8668591446706,227.88762806845057,5.69480770475552,1.3627262987144588,51.7790048976601,0
462,840.5396248572506,285.4370063830414,1.9844385560905993,3.286757007667956,62.4268014449399,0
463,669.1653025117994,169.16916113604063,6.849760846824622,1.6936307754423745,12.251502601860489,1
464,956.6102737377703,131.89706937141597,3.491836831516963,1.3080342730271175,79.82255928079407,0
465,565.9596357242337,347.75504011885755,7.3713258010108875,2.3795865503122853,73.88540344113736,1
466,632.695865772187,128.46102429060767,3.1819575455206985,0.7097090240574593,89.60953111034861,0
467,966.691896533112,298.54804210372356,2.178611665752973,1.8102401156269077,26.415920988641194,0
468,1691.5178949763929,231.59149019071035,5.716310760342635,1.0310234701496994,27.72208220110203,1
469,1487.5061645061319,177.36619526416794,1.0628671547180861,3.988961419215653,19.984174278334635,1
470,1068.7992450725465,154.4473470425089,2.587563066117606,1.02632595846624,20.74444580751929,0
471,1395.3713199541048,155.2588928551782,7.10519894816699,3.1703892233537716,67.0937266581971,0
472,813.5500405632274,190.85106141926997,6.32917765407134,1.7927570544592948,60.389938711913125,0
473,1554.2307657947658,265.29764704191564,6.977388143604244,1.6540118696963504,90.29668313057819,0
474,1789.5287225173151,155.61304910396177,7.861491484274386,1.7132278219845576,36.57770029410848,1
475,1471.1036412675712,112.71481706666292,8.064408142518062,3.0893622848765987,93.31468927841762,1
476,984.4786379788881,280.6996484445321,6.278018903270463,0.7966466684613356,72.62401883170348,0
477,1251.437114213929,152.79779911702164,4.601461910013115,0.9501872719499745,11.528076824317726,1
478,911.0412589135419,114.96643452807484,2.3157688812937725,1.7488275088152978,88.85195219926189,0
479,1473.0567528840866,295.07192871804875,2.5209968703440433,3.574098460045525,94.46403196058273,1
480,1666.467762889687,320.68502621468303,8.047369412761295,1.442159154469581,88.23321077967442,1
481,1797.421904915391,170.57597195191786,8.007113239511371,3.0411666933649206,99.9709323289563,1
482,1258.779917216656,273.84099768649355,4.799708242058061,3.0651250825115772,17.527870426190994,1
483,1462.524761006372,164.2759172067818,7.99748767197219,1.272362017878351,99.64642932868148,0
484,1278.460335586941,100.87257642379116,5.389619688787593,1.0537476610856977,42.954869895075895,0
485,1643.3838745570652,151.67127300535475,8.343046825812053,2.61041616868801,74.15413973202132,1
486,573.0322819574641,284.7846949838085,8.799596004084437,2.2888912148268705,50.657016212043544,1
487,852.9842251394964,207.2350656495898,2.7703119276408765,3.435088475588408,41.92054168842968,0
488,1366.6151260772172,346.2453546927528,2.292809363109293,2.148528762238332,44.16193196577047,1
489,967.3551810017027,143.1176032279375,5.726981495129107,0.5543940893437529,35.160188865843054,0
490,954.3222508094273,272.2364338633522,2.082392351913029,3.2552509763311903,90.25557291391674,0
491,851.94962655441,303.0391863556216,5.404841569256795,2.401075300929756,19.61404358167854,1
492,976.5629838632642,181.82655366664315,7.466443834446053,2.485335672215854,60.47557720792651,0
493,1228.9345422561137,192.81431428170288,8.960319565884014,0.8376606232394709,70.2297474835737,1
494,1787.8157441020003,282.3587898060764,3.683987036349051,3.8199577550997508,14.838782829256129,1
495,1008.4827084366193,109.6044573449805,3.877419839039053,2.849314784523172,92.74099814968483,0
496,1285.4186122532442,155.21498820318754,7.352834118186307,1.2471405642043405,13.40807465588363,1
497,1360.4082712335737,140.21703211075462,4.585579639878632,1.93210261739739,71.08755023933512,0
498,792.9877476945497,251.44564923511908,7.611798564529856,1.3692859452446036,88.27107994378149,0
499,881.6737571416877,185.88375072109585,4.431273853474611,1.8198031169694422,52.78676125408648,0
500,1674.5063617673109,309.8401161246901,7.25231871213394,3.429729074066388,52.875030744883226,1
501,1192.601583402255,283.1421452073388,6.203304549087618,3.7234915445988164,55.50010873443397,1
502,728.7595717130506,224.3625253009389,3.105090876455696,3.697777529507855,85.19672837277325,1
503,784.7522353283402,164.52376569716972,6.236630102030037,0.9090320943563132,25.56356825349264,0
504,620.8382602383475,249.8812480114731,2.7530056155943194,3.108407811561644,83.94851804257112,0
505,750.1553494031527,106.93726708233386,5.5477188838885585,3.1842248959340886,60.08196630057277,0
506,505.05651758065983,142.5724121072914,3.9871159417573434,1.4105841063541567,97.26765526304855,0
507,1111.9836628304795,124.9158230398416,2.337796867566997,2.8181232156302287,17.96395282053608,1
508,1012.1440769015991,150.4462316902437,8.065058589771693,3.3652784274962397,24.00460174973133,1
509,1202.8858145694026,117.97630301113497,6.724084485370457,3.931928349521594,24.08344883025228,1
510,1635.102477137219,161.91062624827077,1.715678381293313,3.3289629884885086,59.38667913364725,1
511,879.7127700651099,144.11781570979423,2.353093558214823,1.9675229516711086,45.37262366791984,0
512,682.7990943253108,150.77832498494334,6.417078863759482,3.206202352267967,75.97682120104353,0
513,611.643543358269,294.4789826789793,2.7036255714618385,3.3836922610123272,32.33578937099685,0
514,1051.6381564719593,290.0989394251156,3.452121257794869,0.999364595482749,26.23296513361687,0
515,1455.8217261065647,112.40709925300165,1.8865680375152554,3.2023792096497234,11.312209807938315,1
516,935.4800499722035,112.05229087345722,5.617027831880992,3.9206392592156725,93.20371943642161,1
517,1226.0671278878847,293.92382834176055,1.739383526951884,2.52249208992557,75.44949370316682,0
518,1638.329121005028,272.7281765934644,4.943875942694241,2.839925560401509,48.40042877526007,1
519,633.8558993745255,226.62152499240835,5.1825427284273005,2.868866407763485,86.36717139033566,0
520,1705.8001857590364,263.99232420010344,6.905699764277344,3.3248478366183507,18.20504913929141,1
521,998.8050163902635,263.72515421543187,5.301421952655521,0.9284204287569209,44.1289224553189,0
522,1181.6758437373885,289.3617214713448,4.055597571060249,1.325157501367336,84.5092424271666,0
523,922.8790508054242,102.47869857047536,4.641620449267638,2.619893855419242,27.68705161092096,0
524,882.9692120534089,346.6988132083115,3.34514947535418,3.5080256483751073,65.58841518402974,1
525,1234.000038586208,212.2209037488209,3.228367905080397,1.8086478569012256,71.48216393700056,0
526,731.2937297923801,167.49671623172026,7.247247650265608,0.5222003232664452,80.3701750868704,0
527,1740.6616693090623,181.91419976644792,3.600244824055271,0.7646526175249282,50.40748151126645,1
528,1025.514030435963,127.27963281410564,7.677830177954807,2.78261149953182,17.54016858774382,1
529,1793.1268405196506,207.66400068976202,7.766899127033814,2.278023602940114,62.359491037776706,1
530,1179.920930647336,172.1701383213441,3.3730971274187906,3.5945075141669784,98.44820835191537,1
531,801.573595916331,230.68651762366463,6.7845635246730955,3.827698795252479,41.27843889994101,1
532,1310.4718267162534,294.22934755495567,2.0818395343369325,3.5034925360997193,15.918927054024538,1
533,732.5518749889953,191.45860657559498,6.0674074743056,0.7491791802954673,49.6500425680601,0
534,1218.0408869324476,106.37072387798997,1.8798436439959154,2.0868245935398626,75.6381205802047,0
535,1502.8412229820965,141.0386699708683,4.4973013972116105,3.131259205517781,17.37705086387174,1
536,929.3016104305128,154.1553991889295,1.7588188553406576,0.6794754702937098,61.27179196148725,0
537,802.483093607783,216.22889230794064,6.617005999368911,1.1637624957276995,13.372029522592639,1
538,1418.7084171256215,305.8352702670414,3.337584281511635,2.7437965332890024,68.94918553895533,0
539,504.9907465145343,281.3016358542755,5.1929749190812595,1.7949375066763404,67.15492926602361,0
540,1623.8087853227123,173.5670070131743,3.4300939120871643,1.0802864140756026,24.833084212224136,1
541,1272.772167265177,160.48197920463213,6.924974295995101,2.789514582082303,93.50303386524746,0
542,1185.997207263323,268.3354880760785,4.637026926337054,1.6407863653922448,35.803121569237064,0
543,647.6069943155214,296.4737743341874,7.91201151777528,2.2865866601127456,57.40686868357871,0
544,1739.1650678471494,133.75343768794656,2.238424042196127,3.614762420078304,55.24559510152513,1
545,598.7539627104765,115.8417243939589,3.0106245799885922,2.30054390644195,63.62363359894228,0
546,1324.6752487230901,114.38123770273114,1.004255829602803,3.234952318968045,53.02862280674056,0
547,581.2325087171133,136.3155689660504,2.935314082516572,2.204043806145643,54.454017282499734,0
548,1550.7712158616723,133.54029122765496,5.3531768311660874,0.7614551686711112,74.70568535915163,0
549,657.3212117602422,285.868145194662,5.4077767513295,0.5993840025346362,15.038383045378687,1
550,759.2304664602848,195.6770321259956,5.9306096461418045,1.456235479781846,51.52661305493371,0
551,621.9652528857782,204.54291263575192,1.8848529470792785,2.7515334050824425,60.95586980455112,0
552,1145.237461212119,203.97204310157758,2.9378994035861536,2.2649427071592565,71.79202301542577,0
553,1500.1541467854236,267.8214144641505,5.781533525307996,2.126650088304137,18.36093572454906,1
554,1551.9799481230687,223.41180302470252,3.8752383966793156,2.0303792131525302,63.354834509475005,0
555,1069.731418494624,122.13253700147317,1.7895524451310694,2.1697806803279933,60.69666372708658,0
556,1283.450426207717,209.4514366745085,4.223662563428773,0.869738374422574,89.25723960922934,0
557,1181.8370578535287,248.90492554364704,2.1914433189415368,1.6506287296313582,32.773718388497585,0
558,918.9263148315147,280.15853380554927,8.261252756869844,3.9500536634783256,94.50120068721183,1
559,1536.6968544972901,316.43598448919096,2.9033677789799066,3.416677623157867,23.51547139746804,0
560,891.3491455262206,233.00506283629477,8.75936588814917,3.2324108351514025,11.375075382484729,1
561,774.9730856944673,143.25844870037358,7.7117812692167105,3.2834735070570154,98.03045730305146,0
562,1246.6067764750308,250.456213914684,8.450700871350884,1.1786909148449234,54.612930585714146,1
563,1435.9109298908816,176.28959698049798,1.9708177928543114,0.9350420461318222,20.488456713660295,0
564,574.5864457572217,339.47735780074856,4.425528339482787,1.5609427102946183,41.9894843091122,1
565,1728.1582203075188,162.64608849263178,5.834940570833823,1.605092541168904,30.620001912870016,1
566,1203.5684222763603,232.70325339105105,7.907965541553528,3.4668375539634138,89.69469333905226,0
567,1036.5316761927306,298.4609937434983,7.003539956338321,2.269797812055185,70.36212068794529,0
568,1559.548880611099,135.10217414156932,1.6468947445634452,3.805641403662316,71.41172606225402,1
569,1096.7957216299599,151.53570618399337,2.2943660779402713,1.2476508510055382,26.38631448595306,0
570,1361.3676673469722,321.3369234206201,2.373502273358789,1.4901390705216695,56.4356995504471,1
571,891.3318275343079,119.59683158267495,4.004829865850497,3.8519450508826245,76.65393089765298,1
572,1098.4138457602933,341.30222735325975,4.940507407031213,2.6035708863243103,19.702831216505828,1
573,1508.2651014122466,153.42399511403607,6.369416359520268,0.5384027538858795,85.16673442543556,0
574,683.600827254364,215.9817716737067,6.948474649558439,0.8047708072584939,92.56121384467797,0
575,1062.0920441791664,235.7277851113971,1.7613273760232664,2.414657006636072,91.11223951159012,0
576,569.4682542772903,123.82272524612236,1.5353319233032625,3.513431379452837,91.58115254630077,1
577,832.4743315860799,282.4334672450229,8.771006960804666,2.178651827886682,16.47621964502399,1
578,673.4574283608441,251.9833514334468,7.115429855477838,1.9399280843050077,91.54647805696104,0
579,833.8424621505733,310.91978738944465,3.8401134879772467,3.948228308883918,92.79747035209839,1
580,816.6249273821799,141.21782049038427,3.404852966034243,2.392011088249571,24.372433472242278,0
581,566.3850694173397,147.64624950604167,8.021640961829455,1.4960109823991619,62.43847107139327,1
582,1088.1550936996578,120.509678571969,7.2787664925667865,2.3079353883372944,12.370570440494559,1
583,664.2322379325535,270.2981531953244,4.408619991036747,0.6959762340262157,24.85683479607447,0
584,1653.8205269673556,347.1399310712747,4.736923544721434,1.4716781255992113,53.262294470525916,1
585,1798.813319201195,201.37355260196424,3.91586649991034,0.6332558936824372,27.000460469030255,1
586,1647.666226098572,315.61846373574076,6.335153674648879,2.1862516362106166,23.883289541753435,1
587,534.6712752565365,131.75054234103519,7.185445694596016,2.6409224303312127,35.28869106213662,0
588,1058.7748240786286,226.73856070185965,8.731372817177164,2.8621130460583397,76.94434083985445,1
589,760.5693490798108,281.3608297837013,7.694454223150157,1.1115544121313716,29.57429716443758,0
590,833.029761557629,276.858907950614,4.824994557008136,1.0211668787184418,94.16395622436023,0
591,1274.7429633930697,301.50536220529034,7.379886561244775,2.6676310306080495,83.43670023219883,0
592,1731.7527163649554,245.16919489320986,6.778880419952566,1.64626172917297,14.427441908420633,1
593,1719.205575479989,147.63084499706582,8.728628916519849,2.7948702996354706,30.60296412246703,1
594,1016.8498401426513,259.1638408599854,4.813058333146281,1.5045543553605754,38.804770387433976,0
595,1014.2515770209651,183.6536877024505,1.893064809016077,1.1960811454572715,42.90949193783963,0
596,1168.998562914543,115.8226156731221,4.287578560973735,1.1897998991933318,96.28291490934774,0
597,1305.5035496261496,166.55558474122356,4.743876174686915,0.8257420338603197,93.81880813088019,0
598,1367.6628327498622,181.15172655421122,1.3882605436247673,3.5140533110701475,17.335113839203295,1
599,1347.0766327481233,203.8311263518687,3.013799356330744,0.9044854072139084,31.20508809127937,0
600,1022.5440106156395,187.81875148457084,6.090940583320514,1.30188941519685,26.96666887300373,0
601,969.2429175177634,346.84700713159134,8.189464747405125,3.3896906443631027,21.856219727337777,1
602,1648.2817784918072,261.86728988103687,2.986108783864796,0.7308879951958852,25.260441756744306,1
603,1559.4758983742286,299.7473457982078,4.370822699785651,1.7454194741815543,56.05658044804183,0
604,1470.3974794790292,293.31218066745157,1.7405815468406498,2.4111792390681446,71.89728653193754,0
605,1063.7026728965343,242.6939085138808,6.422997688799074,3.363958901573307,31.04541330799245,0
606,1265.0339909797706,232.0282486061379,5.426845852058183,3.572585985315571,10.42783225873201,1
607,706.4935505884849,279.5748590838962,6.792135174744439,2.918922536683059,17.10684031555615,1
608,993.0852811873443,236.83309610451784,1.5244273420190133,1.1948724791750158,70.91656107936575,0
609,1705.9909794997593,250.2270289261668,7.528010607745096,2.0285966063709413,22.918377422813187,1
610,1323.8233218051914,293.94402773818706,3.717387776468275,2.641835095045752,25.2829899202939,0
611,707.6926355174108,145.39116047889456,2.2098362791365433,3.268419192201396,22.125249951446367,0
612,1776.2818889759658,125.49329823745362,5.318780693550666,3.792537407332167,10.471501834392429,1
613,629.3622227401315,140.32630223666436,4.344663693207288,3.0082033938505313,81.7693543938997,0
614,890.3028599146036,294.7575874043238,3.526553016818321,3.3759642353531105,71.43981227604603,0
615,839.000066187383,207.7989609349744,3.7437501412203273,2.2360184392615063,59.04813715632354,0
616,1122.9155354301893,307.3797788996544,3.174913298404456,2.230430119165343,35.86441622661608,0
617,710.284980044531,130.31047516693636,2.4645606984470882,1.9309046064181632,57.63367575283208,0
618,1542.1104108622053,219.16421365783825,4.664735890100971,1.46368740422227,84.55183741925092,0
619,764.5216192226812,131.84606591514765,1.7588322298985117,0.8406156357083118,97.54534693053989,0
620,1159.481949090365,331.1842766223562,1.849990145013992,1.6697719686590415,71.26157093170531,1
621,612.9180022518595,234.18277358573116,3.305936747416724,0.6310535411621713,92.1769220701546,0
622,923.2466963940692,215.95457768887275,7.401807992191955,3.0221368392424006,89.82797022807738,0
623,1714.4005788799345,218.52372220310664,4.568897366797885,3.0155198538342853,66.85107546882307,1
624,554.1838094993725,286.09177184950227,5.242993513968837,2.4502413277873614,96.12905937420847,0
625,1274.7334236043407,266.0328235465623,1.8569346112568574,1.6702736553264592,86.74356435851071,0
626,796.94083116869,113.05543992422598,2.077266603490136,1.179340354235949,55.216450173233795,0
627,822.0175249973236,307.8188670173482,5.014091255284786,1.9256264691280764,13.972581972551932,1
628,529.6449420152294,118.07340163478263,6.533247727145935,2.9759716236082085,12.146404970211485,1
629,1779.5500236350204,171.45284267755892,6.390349712919594,3.1242977244420596,26.321467659533536,1
630,1726.5551180329596,313.7662922948447,1.1380581486532284,1.7172467203690904,35.13761761880681,1
631,1135.1640715487802,214.73225144227922,2.7904786417013474,2.495517946705036,47.037067917512424,0
632,1397.54381749586,314.3438390532529,4.380132405514409,2.8414097790180577,20.64088147393001,0
633,1728.0021981561754,260.61978691892796,5.951784915958382,1.18811094674644,45.91892787281948,1
634,849.6797029998171,336.28343054322653,5.186772684854983,1.6374488861515544,92.7686605874806,1
635,951.0221205376886,133.40151067833497,4.630540335595782,3.6065641608685017,60.88586487659135,1
636,880.637242289711,265.5234620604658,6.981073143911748,0.7944617455678632,91.92424271206471,0
637,533.9468762360906,187.94387321628528,1.3493767154606076,3.6077792456400655,56.79937043102499,1
638,964.0800443104213,258.5273196454217,4.255542429550002,2.8269239202659144,10.409032142293958,1
639,508.3305979501674,110.15654594061525,7.547370262167465,1.9678580448482585,41.92117832250893,0
640,1114.8123435688876,168.12735882859175,5.126154078214964,2.2864504573441264,43.0487155867206,0
641,1227.9424357627909,123.27488575418987,1.364691299564634,0.5410465054066727,39.49914543641006,0
642,1579.734896521785,324.45491182029,7.9259521539389075,1.7439768641001758,91.47828330745017,1
643,727.8922336516912,249.04427974699036,1.7895833956141827,2.3697114622260056,70.55667537864073,0
644,909.1499953981615,270.8250915551975,8.814881428739145,3.5464346101546567,73.27640206804955,1
645,941.8419090270454,346.4367918820451,1.1337742471348582,2.645271317711935,62.40246395370804,1
646,680.5844733782949,201.94432349975267,5.968500308675781,2.376579244697086,71.78224725484114,0
647,1214.1317065918402,238.48066354213665,4.3924077859360064,3.824755961193477,56.37520453048694,1
648,580.5837076627731,312.174149630586,5.008507979174046,0.9566810802372443,37.24575432320554,0
649,530.4100089306754,181.90789087675083,3.620058424454278,3.2407865067630093,33.569937905581824,0
650,561.0976804885393,318.39947216795304,7.142538778246465,3.3581457809277664,91.91532765439348,0
651,1298.6899134502098,129.78047916557654,6.526113972938995,3.0147503620740603,76.76533120667492,0
652,1714.3420157297248,201.70745436212528,2.368110358748348,3.027700862646643,39.624324218937446,1
653,1219.7268330109978,299.52119802605944,6.060019809673107,3.755293839978253,81.2395102943023,1
654,822.817802347678,226.66458046979193,8.376386804546861,1.2012042764328947,50.27381941875923,1
655,894.2249281997522,265.1022888843413,6.79331313247498,3.819405756407065,95.97046014321614,1
656,932.8040498996093,232.80903456084715,8.073184319881191,1.7834574732630617,68.75529471404327,1
657,651.2813084870188,243.48664884938546,3.960023815631099,3.948968344699117,55.85171373363738,1
658,517.9170720199514,159.95527283551803,7.891968558497659,0.9057183868622032,23.12513563264197,0
659,801.0854652487153,148.12627678442627,5.29887242304191,3.1491119224185162,37.86106740024636,0
660,1546.4182309744547,300.5564046995084,8.95384814941832,1.343343919604639,48.97118587121977,1
661,858.074737327484,236.64778483890163,1.3121081177937928,1.6944112774685665,61.61902766746921,0
662,1708.9173514354718,340.4612498285202,2.8547692302171583,1.720490749931852,18.554875153354818,1
663,1716.6209481986753,259.07880211845963,2.6872501558616078,2.228873659766536,10.138115811510696,1
664,551.3039468546813,317.69931017300604,3.0582611637540227,0.9898723430961118,73.05025717605304,0
665,1624.9613952384022,260.3325596402891,2.3648009816357103,3.377483465921448,92.03002872466902,1
666,533.2699613166317,257.8902129808303,5.3341957574876355,0.91421997038648,56.362732345898294,0
667,1015.3808442651804,180.06374322454758,6.2717367602237815,1.685930130197708,68.04398544471272,0
668,1137.9548582564084,348.3288234275576,6.768189103309832,3.2996527365676473,37.87902608863381,1
669,917.6457514415879,227.99328907684355,4.7101657069286444,2.6953193188435494,63.91380841309676,0
670,1378.760849222569,291.99640306502005,7.37942177554422,2.456349297788539,29.982458692399025,0
671,1098.6427943256585,192.5268187047439,2.7260017627025688,2.8441885262180926,43.3710830932854,0
672,1597.8579102773595,252.54214392931672,4.83186403876928,3.4560262547728073,92.81617834025894,0
673,1719.167967836099,143.37059970483833,3.4423082817133066,0.8183218565570989,56.579566972957096,1
674,994.1999901068149,164.29293769235167,4.796967328105151,2.9140964270921197,14.66480839006271,1
675,999.7407216755577,320.2654442991575,3.2488653829652314,0.5339792748024159,78.08114036955362,1
676,1616.720219383031,331.0158901469997,2.9468210370384664,1.1913762320077421,77.05784567359179,1
677,1493.2681117434267,289.0718828773726,7.819273719178466,2.5354459242153724,21.741623889514152,0
678,1113.1079928614058,127.55170202001969,8.87460972379749,3.072116196806627,83.43805560403119,1
679,1604.3656659504825,205.9922324335937,3.2264758671982774,2.9058442041559336,97.4488254328483,1
680,1581.272200888424,191.4699196375413,6.352304923782867,3.5561062022226073,80.0263805995548,1
681,1307.0837399271118,211.03602588360772,3.35446481945009,3.6694063613828214,70.15480188728571,1
682,773.5190620354308,293.8201033585145,3.8492807699063345,0.753498464204495,96.70778790854324,0
683,1271.0836471470611,335.70172666580834,4.1107767676924745,3.0993224365143033,36.58135810260993,1
684,1327.54048792077,259.44104680565164,7.147767898143668,3.1724349275736667,35.99709620594969,0
685,1289.0751922805644,337.03240876971034,7.68048985305542,2.7654219304439573,27.514285233081402,1
686,1684.4805020204747,315.25011416791193,1.369649218726849,3.1671308857131226,84.41522283062633,1
687,1165.4076693007232,216.0972011138384,6.935617751990758,0.7536010535194357,25.98979591966085,0
688,1620.3804727252302,208.68652632263655,4.106980086893452,3.6751637090602958,22.283098697901135,1
689,506.9001883957338,127.50990775773107,1.8324503819754074,2.3523247949108907,83.13435933872113,0
690,656.8073618229955,306.76303414643473,4.020081388154105,3.7797004298578196,14.228579077567787,1
691,1005.861358013542,286.8048636571656,5.331815456531139,2.874090681264872,24.362175932847585,0
692,830.4903595121525,214.47994636832692,5.276431050165284,1.9269977425415017,80.72892627490661,0
693,1195.9816235398089,210.32893123396548,5.83381731062774,1.1225615820507104,15.515961532021691,1
694,1521.030764079288,273.01350112698515,3.5873126528263812,2.273778748911305,25.43276201259819,0
695,1433.8571084980001,283.35155383510096,3.444093410240291,0.5259601684018582,86.92014010444197,0
696,1221.2091059193735,229.6804748347539,2.167370027346947,2.6369462089730344,16.071779097511488,1
697,1319.522459522421,300.470576269064,2.5602278684941666,1.757169706740028,76.74696696614885,0
698,556.6910265248024,281.5023484164399,4.234595669863185,0.697471198988919,86.0354900892667,0
699,1085.15117029782,329.65471825586576,4.183476918370993,2.4207113035246004,30.277569664009818,1
700,1462.2251864480131,311.97032642709286,4.70321313090439,1.1389445651427743,44.83638630267421,0
701,559.1602253928008,189.44716505208558,7.323348710295427,2.852185784799998,60.66624121886083,0
702,719.8639900734756,231.01973281697508,5.450619304704249,1.1029157882885308,63.73061294601471,0
703,1326.004933802597,285.84704502687134,3.2899950160570546,3.5508689558434092,69.1544500439499,1
704,1675.650544442645,179.66730158358763,5.646967227006596,1.232542913044242,81.03770699720114,1
705,1275.0895508926817,281.6845360375866,7.2372967770358105,3.517616481718195,63.79892315482013,1
706,592.9446985165619,135.74092102946446,2.446474581795231,2.4857440647938525,21.577577800063708,0
707,529.4149553362427,174.6105918270124,6.971397009240217,0.572434706872631,61.53473902833057,0
708,1356.3006610096581,205.90812415352787,4.729018300159334,3.2033727466295137,49.33634524254076,0
709,1073.745231865319,185.64746289234864,4.72166368953502,3.739051663146761,84.58001140909708,1
710,1575.4289333255385,213.4531894435263,6.541628920123866,2.0442311660863295,46.99053067871294,0
711,1186.620675620993,293.73145764731873,6.196931939586649,1.8494767722535321,89.22347317083563,0
712,1486.0463114804566,108.73003441957923,3.8430419148005504,3.087839490017551,15.028353565207338,1
713,954.1506171955282,199.00370835124232,6.390699397172969,2.6674079966154958,54.81074738369231,0
714,674.1171576972174,291.2967481215817,8.776013201302348,1.359097169999054,10.195959994367628,1
715,1124.5978014460547,151.04989704575223,1.0832106199431903,1.5498596009089414,32.02753190140394,0
716,603.5435479867747,122.98661273946195,4.692695847845912,2.6832751798377354,16.458193748447805,1
717,525.6041381506714,256.83813098750284,3.5545649298715913,0.8162769532928206,59.53502531418086,0
718,1792.170368150964,317.30645402110486,6.827096679341954,1.3197873618997618,78.296123517501,1
719,1304.7121966884197,107.22545822606152,6.068351048690025,3.4516453771719435,66.61456055273885,0
720,630.7699581406841,228.50812997808853,2.8843307723030955,2.0293043196635265,78.20131034169343,0
721,925.2341827108071,153.37521572576458,6.2913429503349265,3.9369245427665636,35.32153372601689,1
722,1085.4885987411033,333.7139987457112,6.790957540374442,2.4198327663248764,28.909732769282847,1
723,950.9369139099867,303.35241152171466,5.077191109602817,1.3573622745067107,55.29131345995719,0
724,1095.1570217636454,306.5290861253519,4.1239148281486395,3.721331156272774,95.95696841552792,1
725,644.9933361600797,113.21750498430485,6.756850091383792,2.671316744519041,30.351079564032002,0
726,1254.8868899981067,101.29638912513458,3.469836415484706,0.9858433720157349,33.1457757431629,0
727,1732.449573278916,345.47588798908635,3.0854770798412545,1.7898067035945409,94.02902678526891,1
728,1625.5837036921,102.32985875569177,1.0275861161581776,1.8296472003512505,67.23512499898193,1
729,838.8105742777466,175.82405173755257,7.3327843161630595,2.4534942748031474,86.94078976381302,0
730,1526.647436545822,112.83915885642969,5.1219114063568805,3.848353953666482,42.91603016224164,1
731,1125.927381298266,331.0048267055285,4.016988066139816,0.5335821494645984,10.910576711447973,1
732,1320.8293774901983,156.28466435440748,7.461079292593691,0.6717527117279748,83.33550623551392,0
733,1030.586415368808,311.5546346815768,2.5277049767919397,0.5264505950899016,25.460583776498297,0
734,787.2866689887474,295.0282558053969,7.7071897223147925,3.300302052687704,51.11785646320244,0
735,637.8582127014695,241.74084203897974,3.39024638102618,0.6070325164924524,18.897426283791027,1
736,1316.4307326120731,180.05629317206203,2.6876452804708313,2.4046469503692287,66.88610289852504,0
737,1210.7383002094155,275.6399099896415,3.1082024226402805,1.556206904922261,73.29444619418888,0
738,1094.8686314673637,155.859904165986,4.845365553590762,1.3463657606591157,20.316137690237326,0
739,910.170589921604,250.30951080204045,3.858810645066132,1.684123641366146,63.48685296212397,0
740,1414.6756961315696,260.6747558914148,2.988206746973753,1.9096316563345819,24.845990418850374,0
741,1501.1674491842964,136.25181029222134,8.512646647118057,2.754397582446633,48.268894443987676,1
742,1775.9221177019103,288.07321674942705,4.723193891118014,3.463907755936661,44.30789010311506,1
743,1443.947410113934,275.5834969415765,5.062475205589578,1.2885970686910388,77.91730184232433,0
744,942.5305518057218,279.4700398099697,4.052204007228692,1.362659373475108,35.28291711977993,0
745,1146.4224200629674,186.58388240520662,1.5894899423781306,2.893018283660102,72.71641351483927,0
746,1505.85444929889,175.48074737409067,8.44257055748249,2.5016428185217743,48.71654008307277,1
747,1121.9360082349137,297.25013572670844,6.6301726313237275,1.6677317120960677,25.443020875702498,0
748,682.4469099675978,277.44784231389093,1.5586602090313848,1.0246871670607676,18.973423903095156,1
749,817.9278365660593,309.61614069021675,8.880872654736368,1.7858672391888328,24.833043522153602,1
750,616.8805354865152,263.82411286130946,1.5993339825171633,2.866314510201203,43.04017014674099,0
751,1371.2997478299885,129.8590855799239,3.850443085888487,1.8783234425728075,66.6034531044584,0
752,1505.391735623452,332.5484254918565,1.3296387335532058,2.8056308509266024,24.655663303066238,1
753,1195.8455753625167,268.5073647942454,1.7440843211546442,1.5560075912429985,87.45744383647968,0
754,1250.985437340326,213.70674174356196,2.2216608414224606,1.0089891312329524,66.99123869095055,0
755,923.5513494253642,151.1915931368346,8.105614377583809,2.261861916967681,69.1891035160562,1
756,708.854947691902,278.5680651314206,8.527840586587065,3.7998510431923433,96.31200086673414,1
757,955.376938750147,265.07943014917123,4.420973798995948,2.0120980049894435,13.312123314217382,1
758,512.68110580217,220.82207294473886,5.01690209370815,0.7156590736798342,86.08397844459164,0
759,1076.6586974346742,324.3166346287326,3.1434823925577913,2.456815083106892,68.93635422951249,1
760,1611.6043809270027,104.1974707166674,7.4850990367274495,2.632223778304799,86.00655129016647,1
761,1465.0053670230354,346.5146889319737,2.816908019897995,1.0908200620205286,33.376044745584494,1
762,1762.6489052076445,278.3532581911508,8.461702024487435,2.44229432049202,82.30860808888967,1
763,1409.3965790274149,162.1225534839189,4.976472065707926,2.9122574854080816,81.17956973616991,0
764,1129.488973522459,134.66006661345128,8.167782903087641,3.589516854192871,55.70546884215,1
765,1382.2424246475596,158.11236670342285,5.9123444217686485,3.7940468130364877,93.70160339655037,1
766,993.1144089672453,242.27919746518722,2.658917669174693,2.5502040662580034,15.934373779452624,1
767,924.6163155558318,121.8781321408763,7.239964620640535,2.690639152815445,69.77677552590269,0
768,556.1273280024787,277.225149116637,7.724228450638978,2.660250344646448,34.41632008525704,0
769,1184.105481424525,310.08303157461296,8.515146055788168,1.4683469173744073,34.61380644120794,1
770,935.3353616594613,315.3755147202876,5.31553886235037,3.1478520612273924,83.13646799815623,0
771,624.6186964321371,270.18423169219943,1.1199151074515425,1.0874110304661324,16.1011902210128,1
772,866.5350766911531,118.6714240185169,1.8304573163182019,1.1915890419280348,81.09643959924982,0
773,1118.116371889032,254.6500367953383,8.024080180564424,1.2136434782409995,60.150105998223005,1
774,829.227232886134,330.95246749476206,5.848495827961287,3.3715905261189514,94.60388109503816,1
775,1788.5442468449455,330.4368925842248,6.903026120518385,1.4975566311401496,24.389501172655017,1
776,604.3950386149588,309.4185458657829,6.632376633443713,2.8552114576391254,15.28949666141637,1
777,570.5093943978356,170.5278408460183,6.195766601240754,3.477007643797048,42.3838197357926,0
778,624.7075190069912,305.2950472592455,5.340148234008665,2.394484671125457,67.5094552750256,0
779,1100.5515298190148,251.80219418280976,6.836591765192492,2.626434380144401,21.339524419461398,0
780,1574.4857721358842,113.73191994937147,6.912307335518648,1.5741772345172578,54.196138826893886,0
781,1416.7697547733883,347.9705019029474,1.0883256243039767,1.6504614810996756,55.122523878531844,1
782,1760.3837097139344,180.5589491904461,6.948479459625918,3.3780341006573056,19.486963802663844,1
783,516.5435713106948,221.69829236068188,6.305570435074578,1.5808176034325407,87.56556307343939,0
784,1480.481461467333,197.3154686489516,6.381104474394274,3.4687164575559355,60.65627628360294,0
785,725.9848306678142,227.9093813211746,1.9536389854710494,3.05783729403072,17.914015818453713,1
786,1213.659455707737,341.44128550023765,6.484310395225136,2.903467500275731,39.555073936049155,1
787,1317.9334262940652,297.7045996087353,4.966229838201349,2.1543578700740573,79.66380191301704,0
788,662.7006442114813,324.62622157993064,6.696391763294213,3.1380278232323886,24.05787519507,1
789,1548.638927789444,119.88921062819068,5.069609344884409,3.3088819851566322,51.83656835806494,0
790,500.407402433735,173.26540334186302,8.15030117625593,2.1739645661844333,20.06428438569238,1
791,1205.0210667108681,288.6055855984421,2.547928129868315,2.24030534990528,91.04797686693158,0
792,537.359506316086,213.52229730576926,1.7639555846119013,0.7645015799845091,25.290407670903065,0
793,876.22973857651,289.0223607730299,7.3084770966042,1.2351959267590624,93.24424597248236,0
794,1206.2576495341468,348.8444595589044,4.30232770470091,0.849036788867568,95.92555599373927,1
795,1686.7510760548153,271.0203021395726,4.734305231207527,2.543560303807982,84.79502217815272,1
796,1222.5344605746345,190.26368660849022,1.920751408792043,3.185863652239222,81.9611704395018,0
797,1553.540972381554,326.08185924164616,4.446899095300683,1.2830344486257388,14.045817463967207,1
798,1179.0768378660782,166.96422524748715,7.106482091317063,2.409439247907977,80.60037410954962,0
799,513.4843559694804,258.39164931343794,7.590432585321529,2.0136497886778857,50.40419043339527,0
800,505.63668390360647,162.0347286231145,4.081151135506614,3.2162710744609893,67.15312228496866,0
801,1741.7010416950286,308.6447573974318,4.347182396968941,0.8513986873870412,12.046271103335036,1
802,639.9316429128542,329.5579598434332,6.896333742450215,2.1489569640225206,73.09122063962468,1
803,684.8391596964273,164.06818837769003,8.00719025087884,2.825879079935209,90.6602354028342,1
804,1446.558885627464,250.47238305852827,3.364290337724727,2.5643831402727257,25.20299887675135,0
805,1562.6357517877263,123.51762542862276,7.952714515628491,1.7291876719667305,26.296408201364713,0
806,1672.8629003087744,279.48322413749446,5.1817011320825115,0.5119214759209273,37.944598779460335,1
807,1282.2564143517882,336.6864949249234,2.7275610539884516,3.641108217915286,94.25816249345866,1
808,801.2691591909902,184.1661132918889,8.822799379403655,3.8270513919304814,35.013172467491636,1
809,1542.1717347472456,335.55037109150817,5.392124796223664,3.1102272428615176,49.412918749746105,1
810,531.0400511560833,308.2902806887548,5.368974743937806,2.9175208111926647,76.00457983837052,0
811,1669.3409764151556,309.75942875281294,6.908293306829909,3.723273916664991,57.64784376345931,1
812,633.2725522059195,312.46589077734,1.7722759709647633,3.25626179719787,82.49369214662694,0
813,1654.5816528081825,174.05880546758476,8.736996976431964,3.2770848946385347,29.021065588309153,1
814,734.8721863831615,220.18373931066145,2.9566876201806576,2.5092239704190895,81.61813001743043,0
815,707.0912532802897,138.0987116079725,6.922942925136899,1.6812833284293123,50.26572300565182,0
816,782.4832856503009,169.37193312690295,7.932062305464034,2.651714082150523,50.961508787047954,0
817,1044.417087902634,190.47328894631977,2.2498142656463562,1.7038232279615766,22.060641560773917,0
818,1047.1795492372612,248.84953355506775,5.8775735229272685,2.573073082849294,33.328035382557644,0
819,528.7443072589354,272.7360776070897,7.8454746248621685,2.374882830064257,22.389855802570597,0
820,800.3010651198454,273.1051905789298,4.533290938380188,2.6522525708626143,95.19515434111696,0
821,1611.0256253768646,333.0500310840056,1.4820465903450284,0.531614662665964,63.409351589023935,1
822,1375.8044377607343,259.8504685508417,1.438109112798582,1.7823909888156673,88.47084715953605,0
823,1030.1755105103523,145.69283715332784,4.41368401753568,1.4143308223832016,45.05134333251198,0
824,915.7683857494711,109.03777545286822,2.2218327650357113,2.727598202305904,24.06492672413772,0
825,792.7848745663866,349.7760446594995,3.4332505872605594,1.373907790098877,20.74289672481629,1
826,933.3980048216401,122.16251601685485,1.606351926030496,1.4669155327478993,76.91005086449937,0
827,1534.3447119401999,225.14467517735335,3.7551475345991836,3.1804634735521096,39.41713477196443,0
828,1040.9642732268003,169.01253330901397,4.475554362048732,2.717583718132448,24.687296672892977,0
829,535.5276192771685,149.52248898651283,6.379251726395946,2.8823438657835636,92.99601231663415,0
830,1738.406318498872,105.62892535473996,1.746171995818914,2.0227338271896227,40.05580503943188,1
831,871.8094633126927,336.8941358001326,4.083539977444626,0.6743800912762726,17.98401613388966,1
832,985.9900784361204,158.03649266932032,3.856440865672827,2.5513963434275513,50.30946147003044,0
833,626.8296335037904,282.615493317843,4.96440857086245,2.443722001125841,31.533992775156193,0
834,1629.167795851941,312.20827685178546,3.675365518937995,1.423935625362752,54.58371501944315,1
835,1744.6152744530598,269.3906614014198,1.8777211469369046,3.841229393881542,37.119793733633735,1
836,1535.7470665233186,289.72879046475373,4.910464266205583,2.5471603925200066,67.62758064053298,0
837,1373.6297299631658,172.61164494569022,5.490927175155392,1.736533088794185,56.46849361744412,0
838,1720.3097297362754,302.0657391219996,3.0947065701908363,2.1710203910795824,70.6202187158211,1
839,875.5443885784207,209.91676864691124,2.713961478639373,1.5595679269569318,43.42513914760947,0
840,990.0254228835795,225.12322701405492,5.841869443048475,2.229903444210725,38.526868363558876,0
841,590.1370089202161,189.64021339027755,5.0835740478757705,3.5734344834773433,36.63263219322458,1
842,1283.8956969898404,158.1783340643227,2.291065214975318,1.7397696706929475,55.85018731433236,0
843,582.9461955673045,216.63720178950828,2.2845328825504563,2.4507169431041076,10.192277508533222,1
844,1680.981615348743,218.44689329341867,8.26913816238115,1.2787919959854532,97.02135019856074,1
845,636.6108955153898,224.0586360097151,2.660336036770726,1.8362343863443087,92.06108489811268,0
846,1113.094096777555,243.13133164543035,4.424021920340891,3.2625583553112865,16.769846456173532,1
847,1793.5361242538586,249.1934427068555,2.4152643121292225,1.3303121256786075,18.293923813057244,1
848,552.9258245270479,127.30584843509601,5.429958377723867,1.171643212446642,67.4643910474026,0
849,1010.736169878249,304.72058431479945,8.307510346401697,2.614440751802385,38.425202580324324,1
850,503.89587851495855,302.0843774405564,5.689137480468341,3.3897922118256414,74.26768331672562,0
851,1512.1563794853985,184.6984974679333,1.9266937813679412,1.4674768424529447,30.931337421739062,0
852,1238.4315714563443,300.881072777198,7.200147005170743,0.5211634067289218,24.31862228111649,0
853,1784.2221010100106,291.286273640368,3.2536843551801935,3.5578388212915004,23.879223514751423,1
854,1317.6807760669085,262.68053440690824,2.6254544952802545,1.1201065235329923,18.56159916796622,1
855,866.5100182373368,230.10769809492578,7.17601776113662,1.7676108203448644,21.31928530792515,0
856,706.3619663309111,184.37803511086761,4.0508988733789595,1.6487466959796668,64.30556358240852,0
857,1067.8390394634662,208.092730758604,6.046699429358681,1.8440154273800544,56.23686510759659,0
858,546.8098399444392,116.0196804130194,8.602297934132583,1.176044847552443,90.43210671300673,1
859,1409.905983940199,310.89232084870633,8.729746591575847,0.9333107684448425,33.68068205448962,1
860,1102.6314960122745,102.23933013059671,8.652325382313288,3.1227289755762855,16.994366918630256,1
861,1299.003603178342,140.2431158235396,1.9154450934187084,2.697565751535253,46.99896886855534,0
862,1686.8773101750476,197.3266159967609,6.749665509706909,1.0184179253164707,87.37962618089887,1
863,1323.1603360355753,288.8415959099344,3.9531625743009835,0.6047811477009672,51.13649253710645,0
864,1072.997970525365,245.24155687140495,6.242385019794585,1.108037420327845,80.26223078791497,0
865,580.6778427463908,330.46176879316897,3.247210690429279,1.5099769219795633,25.917408408913257,1
866,1371.8759490102095,178.6870366143877,7.6876962978185555,1.7153491672778862,82.441167487351,0
867,1584.0801133068,302.65308205858616,7.4451362303576785,3.865584703574257,34.57499000544235,1
868,911.6760447932547,110.88477239665019,6.790643030574851,3.8311452652830753,68.02186806715471,1
869,899.2048687593801,189.4708064752824,7.655891866647989,2.7449047472057106,95.79695230690886,0
870,1503.7636189464758,209.19823941372624,8.45853203970665,3.247486709203433,62.05104488789585,1
871,1520.3340426765108,279.35425644835914,5.103475429168286,1.0592538744593236,22.07073992494611,0
872,923.2476111497205,273.83797197485507,4.331694970143021,3.679083068719464,95.85003905648523,1
873,1193.6706808670483,191.79181946465644,7.501589336460963,1.427171061436694,61.119341736151654,0
874,879.1214634590043,279.79958098424095,3.7041142211517473,2.4715329000842727,41.676184005096175,0
875,1598.229541458325,116.39681306267168,5.971687219124337,2.80407614970543,94.41356488170241,0
876,982.9953639323801,283.3702045288529,7.654619719180189,1.5220385305863515,26.183559303528334,0
877,822.7664422224307,281.0581912295411,2.021368031953428,3.3216362795626675,23.165403996516606,0
878,505.80301545689514,146.75924097378333,2.6937971903151103,3.452705361909059,43.83136473283378,0
879,892.2319735735034,142.19400321818648,3.7962679046038934,2.6687831333453365,77.69837794912087,0
880,1594.1808808974256,296.8739921946597,6.094147911654974,2.4734173790499963,81.12723410395118,0
881,1406.2988192303437,321.0608516132064,4.559333720016512,0.8615597785670742,78.36631292120789,1
882,1722.4383229395282,114.68394524387878,7.755074494167368,1.5114606869960998,52.81391501714743,1
883,506.0068824006821,210.81583978427184,8.94002989997557,1.3950471337041832,37.8356803495715,1
884,784.4243471633948,287.9179638580563,6.802938731969573,3.025313450755805,88.24383858965739,0
885,1125.3664577087466,331.4176018270716,3.4178531635095935,1.112056844717393,99.76573519868182,1
886,1208.862138067619,117.41894808615257,1.9589959213904447,3.7400172233900357,54.275221424549116,1
887,1702.8971718739085,243.7657460282795,8.792803707276526,2.6802271406954334,91.8056425375608,1
888,1573.4602992781765,111.8459905017485,4.821109686925141,3.3750439010247404,77.72446340383708,0
889,747.7868917515954,247.2720889172177,3.883776380883301,2.859329858864343,21.506283133850815,0
890,684.1639080333836,243.0602893358403,7.031584563520551,3.576637025909418,17.026719116401722,1
891,933.4561647464353,224.30695484408736,5.738175788764731,2.730596001792988,86.52223056322235,0
892,1156.3284144518116,292.70282438906406,5.703616270389967,0.6188121198132384,54.93697731175018,0
893,877.4628314201236,277.94644616357516,4.49440327114009,1.412051827614462,96.54751339681648,0
894,897.4868928936742,210.14006802719985,7.1586587446649474,3.4731865938701967,32.50946242343527,0
895,760.3420015428244,251.1968841764804,2.9262279452434186,0.6613571335542157,61.18682424211414,0
896,1060.7590565635885,118.66520851682051,8.18724881026675,0.5039711234311317,48.348927116268335,1
897,527.773475710358,265.70732516713394,2.93547991673858,3.6808944097794876,19.461753799115996,1
898,1181.4799995363599,317.028383620653,8.381304653204461,3.9069587029066066,54.03084134394979,1
899,1740.6740751528473,245.03267997007288,5.684295695006006,0.9139842409374783,55.42561541862798,1
900,1121.814516067558,328.13709926111454,8.395320314095118,3.775044873323921,74.33233716001915,1
901,786.9342031636072,231.5144427826272,2.6607410909381315,3.314705652612332,93.35601383768781,0
902,1778.8298564368097,111.55292058065785,2.6020456132254743,0.9725306090064132,28.157542158403267,1
903,1644.8808803433851,309.45647151076207,1.2656542185524602,2.359687201077996,31.332818802644457,1
904,527.7346798288038,128.32700169476772,7.787174314730521,0.8351522215055446,28.767611236997332,0
905,1649.4382468627743,181.9968272311059,2.141323739727417,3.3073841629766467,95.52997767665991,1
906,521.5620592109155,260.6834453412892,8.923684174967645,3.75409082900466,50.53797813537021,1
907,1399.6347537675952,188.76108916255885,8.006422085849481,1.1505097688992472,52.88877245429877,1
908,1440.4027107871057,183.98813086511274,8.232240713794184,0.619920023203961,82.28320554172429,1
909,729.6307543505436,127.31780280429116,7.339255345219826,3.2786739799022078,79.80370047959521,0
910,503.6121692230822,265.6542834574434,6.658956649408364,0.6221264057907796,63.86416282412051,0
911,1460.3565050762008,111.74723573284989,4.0770232545510465,1.7583032280143827,77.41935679159974,0
912,795.8214367839455,210.95810919182054,6.946764494127166,3.9192445435783987,12.004473656223773,1
913,907.1055819626735,308.9862542143041,7.343430671295727,2.5095481326569926,60.84986196659099,0
914,1384.6553797593622,121.80656034064135,1.011328977948886,0.9006847773435012,20.12198319620364,0
915,1296.0045502830358,319.9733841113775,8.943646603309563,3.303462318077792,87.48192483714105,1
916,781.6121579970695,260.20510118102544,3.521080117475238,0.7039968041608617,14.629967469599523,1
917,1408.5600190556931,107.02566320824485,2.23415196149708,2.1136994892901715,68.95196428048828,0
918,980.8331550244948,105.06667910054858,5.837514362329393,3.9253949794935483,80.65118345918098,1
919,1665.5360394806796,126.1410613786532,5.563202732616632,3.688046778520392,12.407388646353752,1
920,1579.4915817089527,106.99458969392536,4.734049441549959,1.6196681785550853,68.5289841375497,0
921,1305.1358949115338,236.58083037532637,8.625326724580209,1.1945739790436785,97.23030095977843,1
922,1202.0008909572568,271.04062180023004,2.8902184590522104,3.202812472209048,42.480684306916736,0
923,1051.9396510890351,226.95928777067036,3.833755284960482,0.7299732617756111,44.355983279176755,0
924,1543.2859078935505,344.7323510545723,4.910067024439952,1.5149057219952982,12.479791617316321,1
925,667.3386193259962,180.1079805744868,7.568536270828103,3.7689733817095528,79.6480798305465,1
926,737.861245251578,152.71798084161497,2.4530303791180605,0.8611640040524186,31.208308256981798,0
927,521.9665047170326,249.3040661671684,3.9195449007126903,1.0033421951334636,72.92960826397898,0
928,607.1514799232109,265.7943210187934,4.735254032181656,2.4087309840588893,37.420225730931975,0
929,673.7393217810219,199.54239428686122,1.932511055740405,1.7742731487176624,43.05530154214866,0
930,643.7709587219599,198.35342028911018,3.617061302621199,2.8534862922399427,84.68173889992352,0
931,1052.4371696599894,117.70990710282247,3.3088349309651823,2.896336212588331,56.18415754362763,0
932,1474.3359929775643,107.72431747394323,5.7579091377605,2.6528345207837307,59.03895892373679,0
933,1007.1035803926875,151.40010189006836,4.296841763799646,1.2060250900770757,19.69907345854358,1
934,1740.9396950952803,242.16829293418994,4.2829104533421045,3.8561403280300564,72.56336856094913,1
935,1676.0540594978786,232.2613330423696,5.789019608493585,2.02148207500423,59.982791308629984,1
936,883.7849368689574,281.8341145177081,7.350113857880396,2.5009521556117598,10.456933104277805,1
937,1046.5130209595313,293.4944025509299,1.9360689035580538,1.8209237149772801,24.73115510212144,0
938,600.1811195243415,177.95194295954988,8.50802047687116,2.3285072382550647,38.46192232950483,1
939,938.5431175344825,285.7118905548572,8.730791677972393,1.8045534938483074,94.31038209560147,1
940,1657.0247459140617,332.7068172059295,6.182460720953387,1.4132813734754022,69.9694765720539,1
941,880.3366842207581,293.9968266642228,5.361182697658917,2.6273382443540307,18.92636982993323,1
942,1714.9325528146271,315.4794657036533,3.366070841467665,0.788641569729073,44.37913091098276,1
943,1086.9698042619502,255.52166431816386,1.7092670404802748,1.8262468391450253,97.7710132948759,0
944,941.2217452081698,164.15755731033715,5.771151346564537,3.2355139522617993,54.850641130927585,0
945,1014.5618597850431,254.48659111970352,4.9307257824673325,1.7271710922343906,87.38664203490004,0
946,1202.4154187087388,104.74128606296598,3.660201081290989,0.8322917781149319,72.77171464519077,0
947,1627.1108075493435,238.7007277622278,7.142908111240911,0.7341991840813744,33.71773403588253,1
948,884.1505779181009,276.2641130563397,4.74556943825731,0.7247920645271223,98.02326066829808,0
949,906.6270380221792,290.3375183186191,3.72168989374347,3.8997223842429203,42.61186502328434,1
950,1191.83457274061,231.49676262447252,5.941136878221693,1.67730650094943,51.66675052784808,0
951,1502.150686350574,312.0980947978304,3.5624303223674394,2.1825997055199347,84.21835237750001,0
952,1605.203354508706,129.23622006414,6.3376123139948195,0.6444971522816039,87.67519514631242,1
953,1421.595923189513,125.87651044009459,8.215419618812792,2.3834208092597127,56.11530135850701,1
954,1637.4622310888196,277.17165933769206,3.7675424982586243,1.6299984228047344,32.51532819690979,1
955,619.831199438268,260.4266885210752,3.349043595731616,1.375400679995952,95.25289703808059,0
956,1466.2876268555203,302.36116330600726,5.684833474503304,1.6244597325878174,80.64775153322017,0
957,1189.4664570902046,242.76149623999493,5.924265465617729,3.6459490499640657,23.24092597772898,1
958,666.6088345398751,234.26851607802016,4.830827192968671,3.238585030479613,93.57444821982884,0
959,1661.0210497938126,300.9475932096933,4.990124514130573,1.754495957904957,80.59765018814936,1
960,1535.763909667146,206.07944663069068,4.311785494234837,3.9442029892389607,21.276983719539487,1
961,773.3479736945528,315.11283044542165,8.344234519230545,3.693339966557537,43.32632292554539,1
962,554.5435523318635,277.5473448001683,4.386263485522981,1.5257761165194397,95.39665691529339,0
963,1023.35372924247,282.1837367928782,5.6534663672673,0.7207900096659261,12.781857077721847,1
964,1713.4474124766411,179.8710817081534,4.711626783143036,1.2745353000932926,76.5716018701504,1
965,1076.5302918966775,280.97158585726174,3.1557492749286364,0.9776854262999508,13.316372422998661,1
966,632.3757974662535,192.71724578029102,8.261768962165391,3.083698686439174,20.49398851710067,1
967,1633.9243123903275,179.2363833869045,8.040400854201216,0.7363566795333452,65.70683201724839,1
968,1150.9416485166669,322.8365308450003,6.541683890352618,2.0948903203958302,21.06284250513842,1
969,880.3814223389187,240.09952759580028,2.268435592190805,3.060932898870864,83.51006212552076,0
970,594.689520873111,145.01870492045148,5.669852847893266,0.6575016035235481,60.88501109663822,0
971,1437.2408594289554,225.95864427298505,6.50485754059484,3.4809076777671932,27.509208564781993,0
972,827.7162441507252,316.81059902611,1.3342823076120824,2.831233290742703,64.95740111751431,0
973,1262.8407730692584,295.0335354371555,5.485471253644906,0.9186590074619438,18.524756523144667,1
974,1730.2597565489377,324.78028576164684,2.2621176154354563,3.1533270555369266,31.81697542228352,1
975,816.5789857990817,169.03908133082297,8.051211011815218,0.6206656045988252,43.618690234799544,1
976,657.553340009704,116.01150623493139,2.4724660859745233,3.1263439790666188,49.98493164155615,0
977,824.6907574189374,172.66059006525114,5.6670041168745175,1.4331872026904378,74.58710517969584,0
978,1451.2178685465165,185.62633169922378,5.230550962421779,1.6835010748810344,14.72070819702619,1
979,1414.0742869728833,135.6117710307085,7.057942340875625,1.6161836577391713,34.237305319129035,0
980,947.4641724694877,228.59478716975582,3.7087304520858186,3.7203768006875877,84.68419375919893,1
981,1550.6222236706376,189.89895944706896,8.212916545395963,2.7852084421093446,16.737494436043807,1
982,1495.9190757642064,174.39427147279207,5.830177182522662,3.5946508365636527,86.54569868838611,1
983,1276.8075023311892,218.78569926146747,8.015206865957758,2.6277828180696177,27.174293278964406,1
984,562.211356137874,169.87680065239562,8.433568195043218,1.4058608042938967,12.590894880287504,1
985,1542.879490659341,189.9010537248822,4.632343797495311,1.0102584685849194,63.24599667647658,0
986,1484.3203104262348,297.76224662637287,1.6066748356126306,2.9121294946649283,88.8893328410621,0
987,1329.565571950356,146.76782850856875,3.116756317938558,3.4049170172108414,95.63858786048985,0
988,911.6353978076036,201.15259812363388,1.404820740051159,3.2072251917908017,80.93771122812099,0
989,1544.7387020035776,111.48988077127458,1.2211314321918074,3.3390195202097,40.04798778396561,0
990,1558.3609433941567,269.76902228547743,8.769344681320907,0.8712950376327102,32.85629385664363,1
991,1650.705208241301,259.0383538164157,4.728762744015251,1.3092930881103568,74.28925845580137,1
992,578.1488880954013,186.93741875023682,2.836585057307966,0.6928449015735356,55.43664157618425,0
993,803.0568084692411,163.37565220958973,8.8741902330839,3.0707132531370678,43.68293330398514,1
994,691.211969609024,244.80402139348374,2.188689725580007,0.6373464481909292,60.24176223862812,0
995,1342.686089466832,186.57861653067397,3.245760539479159,3.476328753952945,52.19046350016052,0
996,1260.3478543498918,113.87370685567835,8.118780372296541,3.4946973158956824,52.24177021786291,1
997,756.1908394007648,157.6770706303962,1.3510824545205713,2.489620203210987,69.76039771826873,0
998,1673.4574363998113,244.67763748650552,1.9353795614262523,1.4196741006683122,44.8223412660523,1
999,1271.6254533755907,228.12847661707815,8.300476494737671,0.8906463767245125,19.957866129449364,1
1000,833.8396214208279,172.02390381263172,3.9302998543751544,1.2487960170750536,33.75935879162687,0
